y_true,y_pred
226.41016,220.68573
247.2482,237.33109
265.68005,250.0741
270.17563,252.04803
264.73163,243.82687
254.68674,232.11781
242.66782,219.31604
229.98087,206.61868
217.50153,194.87506
205.70802,184.51465
194.73952,175.54877
184.54181,167.60999
174.95474,160.17941
165.87784,152.91344
157.3711,145.7037
149.42575,138.6145
141.77957,131.81442
134.2546,125.50767
127.316284,119.88078
122.703735,115.08492
