y_true,y_pred
194.03525,194.9747
204.6401,210.77722
210.54193,218.87967
205.48386,217.38391
193.96515,208.69992
180.43123,197.44006
167.09262,184.63686
155.159,171.8547
145.12238,160.17163
137.03844,150.14229
130.7465,141.8162
125.77719,134.72308
121.4329,128.27072
117.2194,122.1335
112.982185,116.222
108.73039,110.58489
104.438835,105.32223
100.0352,100.553185
95.747246,96.40214
92.759964,92.98144
