y_true,y_pred
126.30005,101.7427
128.16287,114.06521
125.824844,110.9686
118.42777,104.9987
109.41418,97.35548
100.93346,90.38327
93.46561,84.0989
86.94203,78.69664
81.22794,74.20325
76.27423,70.421
72.13249,67.236664
68.86818,64.60235
66.45211,62.44226
64.633606,60.61938
62.976074,58.977753
61.181297,57.4235
59.22277,55.942398
57.195545,54.567307
55.21695,53.34787
53.787804,52.33516
