y_true,y_pred
140.2548,135.87311
149.22774,147.82861
156.60089,152.36339
157.90262,150.3686
155.46642,144.66077
151.14137,138.88083
145.18115,133.15115
137.6842,127.49123
129.32394,121.54678
120.94223,115.293655
113.19183,109.116066
106.45407,103.45647
100.65401,98.41491
95.44812,93.857895
90.671036,89.63467
86.439964,85.68763
82.85575,82.04099
79.7655,78.75399
77.082016,75.89856
75.30571,73.54793
