y_true,y_pred
47.77318,57.657387
47.451313,57.64364
45.602562,55.20749
42.407673,50.876926
38.985092,47.111897
36.008606,44.407818
33.73301,42.49152
32.317467,41.254234
31.844246,40.559647
32.202393,40.169266
33.1333,39.888092
34.316505,39.602253
35.377754,39.28116
35.9813,38.940304
36.03528,38.590523
35.696735,38.21954
35.17671,37.796345
34.605186,37.2923
34.037354,36.705063
33.625,36.072975
