y_true,y_pred
111.533966,111.51944
113.68358,114.50522
112.91832,115.03868
107.79959,111.94989
100.51724,104.65323
93.10515,97.21415
86.84992,90.643555
82.58516,85.64788
80.40882,82.25446
79.48088,80.16222
78.68234,78.82057
77.31293,77.45062
75.19968,75.56235
72.60852,73.19459
70.021416,70.62911
67.7545,68.14098
65.83561,65.89224
64.16107,63.95072
62.716057,62.348305
61.78257,61.118935
