y_true,y_pred
71.85072,74.457245
78.60687,80.55371
84.465294,84.76707
85.41206,84.97947
82.34523,82.67241
77.195175,79.43508
71.54493,75.79741
66.322556,72.14157
61.97387,68.77695
58.717564,65.85687
56.544765,63.393612
55.200413,61.287663
54.384537,59.39795
53.843807,57.610138
53.338177,55.84577
52.671734,54.066265
51.753307,52.28041
50.59083,50.5414
49.325268,48.923626
48.401962,47.50295
