y_true,y_pred
24.48677,25.593704
26.842377,24.725739
28.949867,26.380356
29.446114,25.357986
28.630257,23.854546
27.137321,21.98954
25.488335,20.17772
24.001732,18.66066
22.826553,17.516495
22.022034,16.761658
21.587471,16.3703
21.455055,16.278648
21.515808,16.399963
21.669426,16.642937
21.834015,16.926292
21.939728,17.188408
21.943638,17.390991
21.845093,17.521393
21.682644,17.590378
21.547379,17.628258
