y_true,y_pred
52.85116,53.77416
58.317047,58.73652
63.453503,62.19513
65.137146,62.10839
63.902363,60.46048
61.06931,57.598484
57.740826,54.35784
54.575314,51.280445
51.88923,48.762943
49.836163,46.96115
48.4192,45.801514
47.479004,45.06218
46.822018,44.510544
46.282158,44.002842
45.70131,43.48062
44.95418,42.92833
43.99199,42.343487
42.835537,41.737255
41.61365,41.143448
40.73339,40.61886
