y_true,y_pred
164.13252,152.50864
167.01068,156.64952
168.13062,159.07019
165.64217,158.07222
160.66702,154.52516
154.53821,149.78255
148.12866,144.61035
141.79486,139.34235
135.92567,134.09602
130.70154,128.88892
126.08912,123.74377
122.10759,118.68406
118.37574,113.742065
114.700836,108.98529
111.10619,104.48527
107.41152,100.31093
103.58512,96.52902
99.78079,93.205475
96.09417,90.40565
93.43891,88.19441
