y_true,y_pred
324.6497,301.16907
325.71704,305.13483
324.5135,305.1848
320.09576,302.9576
313.8947,298.36566
307.23236,292.0603
300.5764,284.87198
294.12836,277.48645
288.04614,270.33954
282.34622,263.58875
276.93274,257.2751
271.83368,251.35022
267.19458,245.73734
262.90695,240.42479
258.78946,235.42075
254.93831,230.75879
251.46867,226.51562
248.39432,222.82047
245.7356,219.85226
243.9522,217.82729
