y_true,y_pred
240.50629,235.45866
250.13857,246.05037
258.81396,249.68689
260.25897,248.86755
255.72383,244.46185
248.49658,238.1068
240.69415,230.92807
233.28162,223.54155
226.53293,216.2295
220.35616,209.06357
214.39572,202.07816
208.59245,195.284
203.12968,188.69757
198.12447,182.39594
193.17847,176.46852
187.94925,171.00876
182.83806,166.1148
177.99722,161.88991
173.73987,158.44215
170.9696,155.8842
