y_true,y_pred
139.10674,150.30269
138.34726,150.34393
137.39578,150.62392
136.44298,148.81451
135.16344,145.46918
133.02495,141.50052
129.80377,137.40582
125.8815,133.35791
121.66281,129.37128
117.07653,125.406944
112.42085,121.46091
108.06819,117.54474
104.0575,113.684006
100.29223,109.94206
96.637924,106.38899
93.107376,103.09539
89.7763,100.13274
86.660965,97.57476
83.75925,95.49743
81.75122,93.9787
