y_true,y_pred
99.889824,102.54302
99.159134,101.328285
98.25148,101.14225
96.91117,99.33114
94.633865,96.521164
91.65923,93.34418
88.632645,90.10151
85.79242,86.88743
83.04766,83.70544
80.21089,80.53134
77.18345,77.36719
74.17648,74.22798
71.38292,71.13924
68.69415,68.14923
65.746864,65.3093
62.422188,62.66915
59.059273,60.276768
55.933994,58.18038
53.242092,56.428497
51.5168,55.069588
