y_true,y_pred
201.89839,221.19617
208.89392,222.74101
212.94537,223.35979
210.6771,221.37643
205.29962,217.33829
199.27623,212.16318
193.54706,206.66092
188.43268,201.39415
184.0174,196.61784
179.92296,192.33273
175.94806,188.46399
172.39374,184.9021
169.33292,181.54672
166.54424,178.36911
163.90742,175.37335
161.40096,172.59152
159.04572,170.08719
156.83359,167.95624
154.79128,166.32487
153.44162,165.34557
