y_true,y_pred
67.07863,61.020733
65.642815,60.81477
63.753048,60.13738
61.849583,58.936554
59.742947,57.489082
57.380245,55.970085
54.96749,54.43319
52.655125,52.869873
50.416275,51.257187
48.20103,49.57745
45.9997,47.837746
43.85876,46.056175
41.854794,44.258156
40.098587,42.482853
38.59691,40.771824
37.156925,39.165794
35.629196,37.704155
34.175747,36.42703
33.078625,35.375187
32.48204,34.589294
