y_true,y_pred
159.89699,144.31802
163.28513,155.07065
166.30919,161.20445
166.35625,162.8619
164.07477,161.12267
161.0952,157.66849
158.24248,153.98225
155.5943,150.74706
153.14453,148.04538
150.95258,145.71489
148.89688,143.59811
146.86102,141.57895
144.98572,139.59398
143.29254,137.65854
141.70242,135.82169
140.13075,134.1496
138.55896,132.7202
137.13162,131.62106
135.8709,130.94785
134.9549,130.80505
