y_true,y_pred
96.12305,96.62574
94.31892,95.41948
92.7812,95.3721
91.990944,94.23771
91.13213,92.44434
89.57714,90.43367
87.331,88.3714
84.86899,86.25774
82.24478,84.05738
79.21791,81.74765
76.14532,79.345924
73.221664,76.88237
70.46071,74.3943
67.96771,71.94012
65.56655,69.58028
62.973984,67.373535
60.31141,65.37714
57.72028,63.649155
55.30344,62.248608
53.685455,61.23507
