y_true,y_pred
110.567696,104.779076
111.14492,100.64758
112.172874,101.178375
112.8434,102.176796
112.8766,102.6634
112.58406,102.97193
112.24172,103.31032
111.8459,103.64237
111.37286,103.84435
110.89855,103.79214
110.45467,103.42652
110.03072,102.733864
109.59754,101.738304
109.09087,100.5161
108.53315,99.16303
108.070724,97.78308
107.80364,96.484184
107.36047,95.37727
106.88342,94.574524
106.63273,94.1884
