y_true,y_pred
36.23523,39.162743
36.039528,37.554314
35.73905,36.58306
35.327133,35.792877
34.91662,35.159256
34.755783,34.633987
34.83139,34.154488
34.892082,33.66488
34.791725,33.12468
34.406105,32.507355
33.821255,31.807304
33.188385,31.030495
32.54467,30.191883
31.863617,29.318764
31.096954,28.443806
30.266045,27.601746
29.486233,26.828121
28.825184,26.160946
28.25211,25.639992
27.838688,25.305607
