y_true,y_pred
54.500126,59.501392
54.06739,57.872906
53.826653,57.586464
53.760536,57.372353
53.73899,57.253506
53.80728,57.215107
53.95984,57.165028
54.174274,57.016632
54.492634,56.7164
54.856358,56.233418
55.047646,55.568203
54.945957,54.736187
54.721558,53.76448
54.429962,52.700928
54.009464,51.600388
53.45635,50.520065
52.737545,49.518135
51.964157,48.655018
51.185207,47.992653
50.56402,47.593525
