y_true,y_pred
117.894806,116.71026
120.937035,121.46772
125.38305,125.93163
129.60501,130.15173
133.14874,133.4615
135.90662,135.84995
137.86708,137.40224
139.03748,138.28856
139.40706,138.73224
139.3387,138.8487
138.95247,138.64404
138.0978,138.07018
136.88339,137.10095
135.45595,135.79187
133.8859,134.24422
132.31093,132.58664
130.80585,130.96466
129.44588,129.53355
128.20958,128.45267
127.3389,127.88283
