y_true,y_pred
192.34293,169.81197
198.54977,178.53871
206.1321,186.87329
213.4587,194.86197
220.16472,201.59909
225.33737,207.05424
229.0086,211.43274
231.6763,214.92384
233.52219,217.65565
235.02328,219.7367
236.6515,221.4069
238.25348,222.95961
239.69518,224.49744
240.93573,225.87462
241.78925,226.84363
242.03856,227.25645
241.74625,227.15208
241.04996,226.73859
240.32925,226.32864
239.91563,226.28436
