y_true,y_pred
104.79571,93.278786
106.55246,97.61332
108.72023,101.08596
110.57641,104.15282
111.98097,106.20467
112.78575,107.30009
112.9304,107.61888
112.569824,107.425224
111.908516,106.96076
111.05975,106.325905
110.17749,105.52362
109.252625,104.51635
108.192245,103.28366
107.01418,101.86493
105.78403,100.3323
104.61939,98.77753
103.60929,97.30478
102.57994,96.02616
101.46947,95.0578
100.66611,94.51719
