y_true,y_pred
140.60385,142.61888
146.86761,150.54074
155.14946,158.24992
162.1479,165.02228
167.36081,170.27835
171.26901,174.2753
174.1758,177.34969
176.57806,179.70505
178.83731,181.46767
180.63582,182.77774
181.60342,183.78622
181.7921,184.47476
181.64551,184.70038
181.15756,184.37961
180.08543,183.53064
178.88489,182.27815
178.03831,180.82645
177.09433,179.42343
175.60663,178.3349
174.23117,177.83334
