y_true,y_pred
113.49636,116.257744
118.04351,121.67936
124.14895,128.66393
130.53302,135.48332
136.85808,141.33376
142.27206,146.12622
146.3471,150.00568
149.25162,153.13812
151.35255,155.65337
153.01752,157.67056
154.61334,159.40071
156.30412,161.05832
157.93254,162.6722
159.24992,164.08151
160.15596,165.0711
160.8781,165.52914
161.53613,165.50714
161.89127,165.19373
161.97638,164.85538
161.98535,164.78955
