y_true,y_pred
49.35919,52.303127
52.104546,55.074566
55.512577,57.68236
58.242283,59.947502
59.833267,61.31053
59.88943,61.648037
58.55729,61.048145
56.706306,59.88851
55.170494,58.64304
54.21191,57.58234
53.70189,56.734295
53.354027,56.006798
52.966797,55.304996
52.52281,54.587
51.9898,53.853844
51.37505,53.135616
50.850353,52.480434
50.509243,51.948235
50.297432,51.605392
50.183174,51.520737
