y_true,y_pred
82.84838,86.12151
88.03965,92.08943
95.029305,98.72921
101.45353,104.390076
106.70988,108.85411
110.76354,112.36127
113.95334,115.16603
116.532745,117.43009
118.77645,119.25521
120.85993,120.72612
122.554,121.91872
123.630585,122.80543
124.064224,123.28499
124.12056,123.30519
123.77229,122.8894
122.7999,122.13396
121.67467,121.189064
120.8566,120.23848
119.97436,119.48391
119.31851,119.13501
