y_true,y_pred
65.61867,65.96825
69.29955,70.41336
74.31084,75.18556
78.94127,79.61724
82.71567,83.095345
85.574005,85.559784
87.46505,87.1052
88.38667,87.871155
88.44197,87.97479
87.78832,87.53737
86.63899,86.73275
85.20608,85.703926
83.69261,84.51927
82.23493,83.22281
80.853935,81.86145
79.509705,80.502556
78.23094,79.23482
77.080894,78.16334
76.10187,77.40232
75.471214,77.0683
