y_true,y_pred
43.935974,44.527466
46.645866,48.1782
50.162495,51.505768
53.134212,54.040092
55.12556,55.65409
55.95338,56.39306
55.632454,56.361458
54.500126,55.785362
52.998657,54.960686
51.624115,54.121067
50.66305,53.37119
50.01037,52.69506
49.496994,52.035866
49.03157,51.36418
48.585907,50.683037
48.16998,50.020725
47.835297,49.42228
47.628506,48.94427
47.44304,48.64965
47.26773,48.603745
