y_true,y_pred
36.23049,35.391937
38.43451,38.029114
40.876816,40.006775
41.944843,41.16367
41.218468,41.4242
39.530277,40.972477
38.13237,40.077255
37.46254,39.02266
37.161392,38.03638
36.90121,37.2383
36.538,36.634174
36.036003,36.15661
35.56523,35.73114
35.250256,35.316093
35.062344,34.900513
34.910675,34.495983
34.78924,34.12909
34.72014,33.838
34.63845,33.668453
34.562828,33.67028
