y_true,y_pred
61.408237,59.111103
65.14546,64.11461
69.95163,68.83267
74.25975,72.74209
77.816284,75.84187
80.46782,78.286224
82.32113,80.22301
83.71678,81.76053
84.986855,82.97869
86.16056,83.93042
86.9458,84.6286
87.236946,85.01198
87.193886,85.00746
86.87718,84.61893
86.17692,83.921135
85.191154,83.03065
84.14769,82.0806
83.162025,81.20916
82.29166,80.55337
81.67713,80.246376
