y_true,y_pred
85.34505,80.74652
87.83574,85.22324
91.407394,90.38422
95.72055,95.43422
100.511665,99.85379
104.68768,103.546684
107.632645,106.58666
109.50879,109.07859
110.83468,111.10738
112.0281,112.74316
113.26362,114.10405
114.49221,115.30759
115.57809,116.384995
116.39511,117.28471
116.887115,117.92343
117.07524,118.263306
117.11796,118.345665
117.14354,118.28517
117.15059,118.24539
117.13225,118.41559
