y_true,y_pred
67.677246,62.227135
69.21606,64.46901
71.276436,67.664474
73.79227,70.959335
77.1317,73.89957
80.490814,76.348854
82.84007,78.346176
84.06641,79.977486
84.89419,81.31923
86.00922,82.435974
87.44676,83.41901
88.39852,84.34134
88.88159,85.20462
89.65523,85.95786
90.77482,86.53225
91.75156,86.89174
92.22587,87.06099
92.34046,87.12427
92.35391,87.20652
92.354675,87.45275
