y_true,y_pred
31.092094,30.917595
33.063072,33.279396
35.512253,35.628807
37.36709,37.06346
38.396095,37.706497
38.62198,37.747963
38.168053,37.4255
37.314606,36.94638
36.295868,36.410683
35.275322,35.83247
34.36805,35.22512
33.637737,34.61978
33.059628,34.04348
32.55808,33.511166
32.117218,33.027763
31.724598,32.599487
31.322105,32.240505
30.896896,31.976158
30.52325,31.841045
30.294117,31.875912
