y_true,y_pred
21.274956,22.48938
22.310883,24.048378
23.077843,25.469772
22.779655,26.013329
21.81112,25.843864
20.993057,25.232582
20.612389,24.455864
20.428276,23.683014
20.175507,22.971489
19.757973,22.339691
19.348907,21.809898
19.113464,21.387665
19.025665,21.051552
18.960167,20.771355
18.825195,20.524017
18.662537,20.300766
18.569328,20.10717
18.52536,19.962448
18.478245,19.89595
18.443115,19.94312
