y_true,y_pred
44.052666,43.34022
46.69657,46.100212
49.830654,49.155525
52.232407,51.47493
53.98264,53.194023
55.32458,54.46057
56.319958,55.38942
57.033752,56.046383
57.498077,56.468136
57.72439,56.6795
57.69111,56.708046
57.429073,56.56527
57.00705,56.253
56.525303,55.790306
55.92736,55.21417
55.10489,54.580105
54.19973,53.95784
53.42257,53.42621
52.823196,53.067165
52.466278,52.961845
