y_true,y_pred
89.65806,91.91974
92.38011,94.8192
95.80976,97.78555
98.66457,100.37162
100.777534,102.46571
102.2018,104.09879
103.09582,105.26971
103.66669,106.06413
104.10528,106.65189
104.54436,107.14031
105.013885,107.5539
105.40724,107.85613
105.683784,108.005905
105.811424,108.013504
105.837814,107.92312
105.839935,107.804436
105.84,107.747444
105.84,107.85875
105.84,108.257355
105.84,109.07176
