y_true,y_pred
84.068726,82.7211
86.30838,85.21039
88.881294,87.864235
90.823456,89.7742
92.21807,91.05945
93.23154,91.98686
94.00231,92.659805
94.55643,93.15673
94.85372,93.54911
95.0147,93.8508
95.13218,94.05384
95.187706,94.13674
95.199066,94.08559
95.2,93.92655
95.200836,93.70741
95.212006,93.49184
95.27669,93.35742
95.44883,93.39481
95.66119,93.70531
95.77216,94.39878
