y_true,y_pred
66.57388,66.37669
67.60098,67.15611
68.61751,68.4263
69.16899,68.963
69.3803,69.08658
69.43098,69.02284
69.420044,68.85237
69.33324,68.63916
69.14936,68.42742
68.91629,68.21844
68.659424,68.00169
68.42123,67.75854
68.202576,67.47508
67.94846,67.1645
67.71019,66.85501
67.57228,66.58664
67.52168,66.41012
67.49251,66.38739
67.47289,66.590034
67.484535,67.09711
