y_true,y_pred
76.70277,75.58244
78.292656,77.506165
80.07599,79.63402
81.38988,80.95076
82.275955,81.71826
82.822205,82.20505
83.116516,82.50637
83.30359,82.69325
83.47859,82.8229
83.575676,82.903244
83.58639,82.92664
83.53188,82.87425
83.40619,82.732796
83.2756,82.52256
83.21434,82.282074
83.21297,82.06377
83.26972,81.93267
83.40722,81.96632
83.58738,82.25264
83.72062,82.887955
