y_true,y_pred
79.74365,78.589836
81.591576,80.829414
84.05201,83.17602
86.18779,85.055084
87.62172,86.43211
88.391785,87.38242
88.77104,87.94478
88.99452,88.22648
89.17777,88.39171
89.35506,88.53694
89.46672,88.67856
89.47649,88.77703
89.40942,88.7879
89.31569,88.709885
89.2169,88.57196
89.11176,88.42655
89.04077,88.34477
88.97437,88.413376
88.89185,88.730934
88.852325,89.40467
