y_true,y_pred
69.71414,70.28609
71.103836,71.957825
72.57889,73.797874
73.5656,74.896835
74.1926,75.49367
74.61557,75.84163
74.87643,76.03555
74.97861,76.141716
74.99071,76.21277
74.955734,76.25227
74.86434,76.24647
74.697914,76.17162
74.47402,76.01123
74.300606,75.78198
74.22386,75.51941
74.20393,75.27309
74.208885,75.104805
74.24649,75.088135
74.317184,75.30629
74.370735,75.84999
