y_true,y_pred
50.23676,52.00995
50.52713,51.97869
50.77248,52.532024
50.833405,52.553375
50.75059,52.33718
50.570847,52.046272
50.362007,51.739456
50.116776,51.45276
49.805702,51.200493
49.493095,50.96777
49.175346,50.736656
48.84987,50.48796
48.565037,50.20934
48.320896,49.910103
48.105766,49.61248
47.89934,49.3484
47.6716,49.15832
47.485252,49.091984
47.392147,49.206985
47.36492,49.566765
