y_true,y_pred
61.592056,60.771996
62.309258,61.654648
62.95797,62.848537
63.273052,63.353
63.378544,63.478344
63.389412,63.450317
63.343266,63.34796
63.211483,63.220375
62.99151,63.0978
62.709644,62.973293
62.39615,62.831352
62.121918,62.651405
61.89978,62.419617
61.618988,62.148693
61.288326,61.86667
61.05385,61.613113
60.92669,61.437897
60.856834,61.40133
60.86741,61.572624
60.928825,62.027725
