y_true,y_pred
49.410736,48.826473
49.81773,49.076485
50.20862,49.742126
50.36786,49.874634
50.38753,49.76951
50.33047,49.59748
50.1502,49.417206
49.86283,49.255367
49.595306,49.11827
49.39375,48.986477
49.20224,48.839333
48.97566,48.656868
48.710144,48.427284
48.440117,48.160954
48.216133,47.8815
48.070854,47.622345
48.012115,47.42522
48.00089,47.34069
48.000027,47.426647
48.0,47.746315
