y_true,y_pred
58.73199,57.551598
59.67468,58.481457
60.628128,59.679317
61.171696,60.246952
61.459904,60.468697
61.659904,60.55619
61.831467,60.584507
61.92022,60.59572
61.87751,60.61361
61.724476,60.625286
61.56281,60.609344
61.439243,60.540836
61.320072,60.403557
61.167686,60.20919
61.028862,59.98602
60.920914,59.774666
60.82319,59.626144
60.80561,59.601906
60.901237,59.771828
60.97783,60.212143
