y_true,y_pred
39.363113,40.197594
39.527786,39.77236
39.616974,40.04515
39.578438,39.938744
39.475372,39.695663
39.314148,39.430122
39.08735,39.181686
38.801865,38.966484
38.52878,38.782406
38.331165,38.60898
38.14464,38.427364
37.90441,38.22103
37.616642,37.98084
37.358517,37.715054
37.17602,37.44297
37.048145,37.191982
36.981167,36.996307
36.962658,36.89795
36.96016,36.945312
36.960003,37.19136
