y_true,y_pred
67.36418,67.0828
68.560455,68.81622
70.25975,70.70279
71.82733,72.11521
72.95439,73.08129
73.604164,73.701836
73.820305,74.03784
73.80081,74.187416
73.7894,74.273445
73.85417,74.35624
73.9064,74.436676
73.91889,74.47711
73.91919,74.44023
73.909836,74.32595
73.86534,74.16008
73.781456,73.98831
73.71892,73.87205
73.72733,73.88628
73.79856,74.11628
73.86845,74.6547
