y_true,y_pred
30.70684,29.465294
30.71392,29.004097
30.71862,29.194336
30.717056,29.088501
30.697937,28.891052
30.631256,28.693764
30.520126,28.527557
30.41195,28.39846
30.263725,28.296593
30.007866,28.199814
29.729866,28.089066
29.530602,27.949211
29.398514,27.772636
29.262756,27.565628
29.113724,27.344261
28.991459,27.131763
28.886757,26.957008
28.769768,26.855606
28.680779,26.868622
28.647003,27.040657
