y_true,y_pred
56.847706,55.850338
57.726906,57.057438
59.1332,58.582195
60.529186,59.660583
61.563442,60.36418
62.147797,60.810898
62.359222,61.074806
62.400192,61.23571
62.427254,61.370724
62.52046,61.502514
62.68438,61.615788
62.8212,61.674824
62.894154,61.65019
62.968094,61.54515
63.05797,61.385162
63.108208,61.212112
63.119087,61.080704
63.11997,61.057068
63.12,61.215862
63.119995,61.63781
