y_true,y_pred
47.08004,47.687866
47.58017,48.221798
48.18839,49.106316
48.739487,49.46623
49.144154,49.58478
49.337723,49.633255
49.39156,49.669933
49.399452,49.7182
49.399776,49.781487
49.396194,49.836384
49.366093,49.8578
49.24874,49.82214
49.042515,49.715843
48.876045,49.54967
48.81213,49.349274
48.80086,49.15113
48.800022,49.000572
48.799995,48.952023
48.8,49.067127
48.8,49.412773
