y_true,y_pred
38.283333,39.107452
38.38392,39.1688
38.497887,39.65805
38.568077,39.70038
38.58448,39.56604
38.537285,39.396133
38.410522,39.23873
38.242977,39.108402
38.078648,39.00063
37.919834,38.892567
37.777916,38.763298
37.600437,38.5951
37.365517,38.37869
37.129364,38.12335
36.918175,37.85008
36.776035,37.58834
36.682163,37.374454
36.62403,37.252388
36.60365,37.272232
36.600258,37.488308
