y_true,y_pred
141.85712,134.10431
150.34904,144.44992
160.54512,152.92982
168.89066,160.67854
175.49365,167.36926
180.57005,173.01767
184.43303,177.65161
187.58173,181.26059
190.15356,183.96094
192.21387,186.03697
193.83012,187.6915
195.14316,188.94534
196.26056,189.79753
197.15846,190.30588
197.96854,190.5532
198.85443,190.6538
199.88318,190.75824
201.01492,191.0489
202.13593,191.73163
202.9343,193.02911
