y_true,y_pred
171.06462,186.10486
181.28404,197.35202
193.13544,205.61954
202.30917,212.88872
209.17215,218.86954
214.16098,223.72131
217.47519,227.65714
219.59584,230.81961
221.19492,233.2721
222.57037,235.0101
223.74452,236.06444
224.62589,236.4656
225.03755,236.27
225.18965,235.70346
225.45285,235.11697
226.00923,234.8719
226.86618,235.24364
227.9386,236.29199
228.98715,238.02563
229.69684,240.55386
