y_true,y_pred
90.093925,88.24016
94.48596,94.48274
99.68516,99.52697
104.026276,103.67947
107.451645,106.94836
109.919014,109.43728
111.654655,111.248856
113.08272,112.43669
114.335754,113.004944
115.23608,113.02086
115.708466,112.646706
115.91966,112.02299
115.827614,111.23259
115.32818,110.34898
114.58725,109.439316
113.89049,108.575966
113.37053,107.84309
112.90834,107.33826
112.49221,107.1703
112.29079,107.45688
