y_true,y_pred
106.42837,111.864555
112.484886,119.86258
119.726006,126.86503
125.35744,133.12706
129.44324,138.40353
132.51239,142.72409
134.98325,146.13356
137.05235,148.65094
138.65477,150.31505
139.68854,151.29233
140.29593,151.84491
140.83551,152.11653
141.42653,152.14291
141.85002,151.96443
141.9878,151.63873
142.12021,151.25348
142.26668,150.92764
142.22041,150.80518
141.98088,151.04764
141.7318,151.82903
