y_true,y_pred
105.172775,104.96733
111.90184,113.79523
119.95913,121.747505
126.63147,128.29639
131.93707,133.43854
136.27747,137.47359
140.03197,140.7114
143.09518,143.33003
145.37782,145.30852
147.17766,146.70216
148.53076,147.69788
149.37962,148.40904
149.84879,148.8534
150.16492,149.06918
150.3354,149.12689
150.32886,149.12695
150.33846,149.19382
150.50809,149.47124
150.74095,150.11772
150.8636,151.30411
