y_true,y_pred
152.6363,135.57196
158.35832,145.92581
165.63062,154.8735
171.9203,162.34097
177.12967,168.2568
181.1346,172.9448
183.8551,176.6902
185.67154,179.65533
187.00803,181.9257
188.08134,183.57764
188.768,184.83429
189.05635,185.89357
189.3446,186.6268
189.74246,186.89825
190.04095,186.82018
190.36859,186.66885
190.93793,186.7116
191.66034,187.1278
192.38954,188.05298
192.85672,189.64417
