y_true,y_pred
87.24696,82.39227
92.17459,88.09789
98.250336,93.20528
103.23536,97.27873
106.98098,100.36398
109.75457,102.68941
111.89009,104.46257
113.489655,105.748535
114.27795,106.55592
114.375,106.92918
114.11239,106.95731
113.52907,106.718765
112.72296,106.27708
111.82871,105.71315
110.8835,105.10852
110.06923,104.545586
109.467064,104.11197
109.00845,103.903854
108.58501,104.02638
108.268845,104.59335
