y_true,y_pred
70.151886,68.85991
73.67806,73.100044
78.02856,76.171104
81.27245,78.305786
82.88081,79.67917
82.92345,80.497314
81.79114,80.89389
80.05376,80.92052
78.38237,80.62457
77.050354,80.06337
75.897545,79.307144
74.66029,78.41177
73.36934,77.42174
72.50632,76.39436
72.27178,75.3878
72.177246,74.46099
71.952446,73.67618
71.72363,73.101616
71.63,72.81178
71.70585,72.88656
