y_true,y_pred
62.21224,67.20555
64.65557,70.15946
67.816444,72.69688
70.55902,74.145905
72.435776,74.75748
73.24404,74.830284
73.0077,74.51129
71.96236,73.90963
70.455345,73.15004
68.81471,72.33205
67.240715,71.53098
65.81044,70.784065
64.782875,70.10118
64.19197,69.49565
63.78386,68.98235
63.30201,68.58329
62.805923,68.33241
62.494877,68.27821
62.364536,68.48269
62.26408,69.01894
