y_true,y_pred
51.947372,55.267696
53.92306,57.70752
55.82939,59.393223
56.295197,60.1065
55.44972,60.067398
54.144596,59.478542
53.130844,58.516518
52.51288,57.364166
52.083363,56.18142
51.67323,55.06949
51.245205,54.081303
50.842545,53.222824
50.4339,52.474644
49.978725,51.823524
49.62948,51.26489
49.53048,50.806587
49.553467,50.470062
49.61019,50.291283
49.724285,50.3183
49.801315,50.608322
