y_true,y_pred
110.03611,110.77624
113.95305,117.77326
118.87484,124.86486
123.77413,130.4041
128.65065,134.48032
132.94447,137.47932
136.2484,139.71503
138.58238,141.39514
140.1242,142.70331
141.09746,143.83147
141.74982,144.88202
142.24136,145.72227
142.6571,146.1944
143.10019,146.30757
143.62305,146.17174
144.2517,145.93161
144.94215,145.74194
145.55582,145.76297
146.13336,146.16061
146.54404,147.10696
