y_true,y_pred
80.19599,85.109146
84.69353,91.59677
90.29739,97.575806
95.26337,101.98216
99.3362,105.04394
102.5437,107.20482
105.197014,108.84203
107.38878,110.09634
108.91633,110.95062
109.69732,111.405396
109.994705,111.52167
110.12684,111.359955
110.14206,110.971954
109.97407,110.434616
109.74845,109.83209
109.58817,109.25419
109.352394,108.7984
108.93245,108.57106
108.413155,108.686905
108.047516,109.2681
