y_true,y_pred
88.92188,89.56595
91.424164,92.79102
95.025986,97.52809
98.93025,101.21492
102.777115,103.96526
105.98894,106.04482
108.16847,107.66957
109.47691,108.987175
110.25865,110.10722
110.67508,111.09228
110.916916,111.9565
111.070724,112.64349
111.11178,113.09091
111.08913,113.30902
111.0354,113.359406
110.96195,113.33453
110.89628,113.34537
110.88703,113.51566
111.02497,113.97844
111.2186,114.87389
