y_true,y_pred
60.151608,56.292908
61.922253,58.220516
63.662766,60.103535
64.28871,60.969006
63.62208,61.00848
62.250885,60.44023
60.88227,59.470238
59.70612,58.314842
58.77416,57.160534
57.95346,56.117046
56.958313,55.22781
55.936108,54.48086
55.081795,53.84055
54.382446,53.284195
53.814747,52.804356
53.19736,52.410305
52.500744,52.127083
51.93401,51.99505
51.61754,52.06655
51.484924,52.402824
