y_true,y_pred
49.381016,43.62567
49.673744,45.690876
49.431873,47.24088
48.669456,47.55862
47.95571,47.05166
47.41215,46.02342
46.838703,44.728397
46.120388,43.36895
45.403236,42.075558
44.809975,40.902645
44.243423,39.859474
43.7039,38.92701
43.281574,38.07935
42.95497,37.30416
42.68788,36.601067
42.46515,35.98061
42.239513,35.462955
42.01221,35.07843
41.860233,34.865345
41.805508,34.867653
