y_true,y_pred
76.50712,70.37047
79.31906,74.46267
82.622856,78.32992
85.058876,80.899536
86.52341,82.46161
87.34576,83.39321
87.759155,83.95015
87.76076,84.22083
87.32608,84.216034
86.53383,83.94661
85.499435,83.453575
84.40596,82.7782
83.3632,81.96057
82.30829,81.06228
81.314255,80.1509
80.525795,79.297226
79.96095,78.57578
79.58388,78.06636
79.215996,77.85366
78.89037,78.026695
