y_true,y_pred
98.19627,133.18752
104.29685,138.3097
112.07734,141.47754
118.32933,144.2424
122.25407,146.55136
123.83028,148.1977
123.263565,149.14706
121.0219,149.31177
117.79828,148.62755
114.15682,147.07852
110.52277,144.71927
107.381386,141.61044
104.86672,137.81459
102.60872,133.45515
100.23682,128.71545
97.78567,123.83624
95.53078,119.084015
93.53642,114.70857
91.94311,110.915016
90.984566,107.858826
