y_true,y_pred
105.09524,113.5183
106.582634,116.47551
107.75137,117.96889
107.77765,118.355446
106.83469,117.79848
105.14024,116.54779
102.89368,114.74849
100.190674,112.53109
97.17836,110.01993
94.35359,107.29794
92.01089,104.426414
89.9979,101.43306
88.17355,98.33435
86.68958,95.18336
85.5881,92.06053
84.88828,89.065155
84.524734,86.303604
84.32696,83.8809
84.21324,81.89543
84.1696,80.43736
