y_true,y_pred
140.4204,150.60443
151.80142,158.81242
166.50038,163.83904
178.82527,169.24962
187.2951,174.96631
191.69962,180.18916
192.32689,184.64532
189.96182,187.94223
185.64421,189.75568
180.4,189.95848
174.88826,188.61792
169.35654,185.83292
163.93385,181.6816
158.73006,176.30739
153.57048,169.9668
148.34709,163.06677
143.58359,156.10336
139.56076,149.54825
136.27435,143.76877
134.25105,139.01231
