y_true,y_pred
85.81702,88.19748
85.58899,89.49104
84.47436,89.931175
82.53321,88.935844
80.18168,86.94551
77.471756,84.42326
74.513054,81.58493
71.83804,78.61484
69.72173,75.68536
68.00493,72.92575
66.536606,70.41282
65.277725,68.14794
64.12251,66.092995
62.96024,64.227844
61.82381,62.549683
60.795845,61.068924
59.89872,59.808388
59.132637,58.80488
58.46321,58.10724
58.02163,57.773083
