y_true,y_pred
83.74484,103.98319
85.63601,107.209435
87.24641,108.99737
87.6038,109.737595
86.997925,109.62897
85.72933,108.89806
84.05332,107.66923
82.06712,106.04479
80.005905,104.11819
78.06559,101.95138
76.34809,99.595566
74.725845,97.07396
72.874016,94.39994
70.99455,91.62507
69.48081,88.83094
68.26107,86.11897
67.20665,83.59812
66.41247,81.376045
65.921684,79.55342
65.667404,78.22245
