y_true,y_pred
78.42828,78.165054
77.787,79.80339
76.207794,80.62902
73.89891,80.20972
71.25446,78.96565
68.567535,77.27007
66.120544,75.29263
64.03262,73.16793
62.330734,71.021454
60.94209,68.948784
59.74223,67.00726
58.690144,65.19769
57.769547,63.498283
57.021145,61.90672
56.358932,60.433533
55.759705,59.100166
55.244003,57.93945
54.807983,56.99636
54.55675,56.3254
54.458096,55.98745
