y_true,y_pred
53.945366,52.454494
52.611385,52.913715
50.529785,53.31615
48.456676,52.77325
46.705208,51.723484
45.13599,50.464436
43.55751,49.114677
42.058895,47.747803
40.913788,46.42209
40.14677,45.165695
39.505505,43.9879
38.783726,42.88245
38.011078,41.83852
37.373512,40.85662
36.906044,39.945187
36.520638,39.120663
36.232906,38.40746
36.087982,37.839027
36.10478,37.456078
36.203228,37.304256
