y_true,y_pred
109.00227,123.767784
115.52279,129.87405
123.57152,133.08533
130.00482,135.80634
134.18231,138.13782
136.2136,139.91315
136.49887,141.08522
135.38622,141.5518
133.27477,141.22536
130.73546,140.06676
128.04803,138.11383
125.20693,135.41885
122.48189,132.04045
120.05043,128.09985
117.927376,123.77941
116.2273,119.31463
114.85767,114.95929
113.61689,110.946945
112.49527,107.468704
111.75709,104.67198
