y_true,y_pred
64.323166,74.449585
64.99133,76.61295
65.07457,77.87442
64.28966,78.014534
63.11134,77.42232
61.825027,76.40018
60.548782,75.08355
59.42883,73.57548
58.339855,71.97189
57.172638,70.34598
56.057228,68.74428
55.133354,67.169914
54.42395,65.61244
53.79741,64.08515
53.204266,62.616013
52.699265,61.24377
52.226734,60.016495
51.68241,58.990997
51.12362,58.230324
50.75724,57.80109
