y_true,y_pred
35.91314,32.803467
34.59269,33.04872
32.852837,33.6884
31.285423,33.710777
30.040924,33.439438
29.157562,33.047997
28.480972,32.598106
27.890167,32.121567
27.449493,31.632011
27.160889,31.12259
26.965782,30.586052
26.836052,30.016815
26.71923,29.414467
26.594002,28.791039
26.47546,28.166588
26.40849,27.566849
26.37122,27.02182
26.333649,26.56691
26.33105,26.241554
26.36116,26.087482
