y_true,y_pred
55.253994,50.31867
53.761765,51.15175
51.426792,51.920082
49.039333,51.80297
46.96501,51.21031
45.21767,50.40235
43.803833,49.48169
42.701176,48.510216
41.96158,47.533848
41.511425,46.569294
41.186028,45.620117
41.011612,44.681328
40.967484,43.748848
40.980694,42.833218
41.06821,41.953606
41.233562,41.13626
41.389244,40.413994
41.50194,39.827072
41.570145,39.421707
41.59487,39.247982
