y_true,y_pred
95.3819,98.85498
98.15164,103.227356
100.916885,105.3604
102.10165,106.515976
102.095535,106.9815
101.38584,106.926735
100.18177,106.42412
98.80089,105.51602
97.53617,104.24077
96.33794,102.62525
94.95189,100.708755
93.38584,98.5166
91.78449,96.07039
90.12911,93.4358
88.517815,90.71269
87.05391,88.02106
85.622055,85.485306
84.19657,83.22452
82.939415,81.34722
82.12705,79.95106
