y_true,y_pred
48.110664,51.70431
48.011818,53.120464
47.522087,54.296783
46.510338,54.588802
45.212704,54.387684
43.92722,53.931767
42.863304,53.31811
42.13612,52.606873
41.666298,51.84307
41.22724,51.041836
40.736446,50.205475
40.22577,49.33036
39.7513,48.417706
39.298264,47.487267
38.82985,46.568207
38.4408,45.696335
38.23298,44.913055
38.159817,44.266216
38.106037,43.808662
38.041615,43.596348
