y_true,y_pred
73.004944,74.50095
74.60802,77.77035
75.744255,79.43674
75.81984,80.0407
75.268974,79.994446
74.47695,79.55222
73.721565,78.80946
72.94406,77.82951
71.91122,76.6725
70.59274,75.38831
69.24194,74.017525
68.07727,72.56712
67.06065,71.03783
66.02425,69.46246
65.06048,67.89113
64.34207,66.38299
63.802605,65.002945
63.30992,63.82098
62.92523,62.90999
62.758553,62.344086
