y_true,y_pred
19.76844,22.043549
19.40081,22.642235
18.985641,23.540237
18.716148,23.982368
18.561264,24.206154
18.495789,24.317368
18.49646,24.351929
18.566414,24.325867
18.711739,24.236938
18.829369,24.070038
18.865707,23.817665
18.903755,23.480385
18.947517,23.066757
18.986229,22.596191
19.055946,22.094704
19.14241,21.592064
19.189194,21.1203
19.199165,20.715046
19.199978,20.414513
19.2,20.257904
