y_true,y_pred
36.60395,34.047806
35.92794,34.668938
34.859352,35.626785
33.856293,35.922386
33.136047,35.894974
32.668274,35.71849
32.334816,35.45497
32.0056,35.13674
31.64064,34.776817
31.300552,34.36644
31.002403,33.89827
30.823051,33.369164
30.829868,32.78287
30.951775,32.15715
31.064907,31.517776
31.17577,30.895798
31.28986,30.326092
31.36206,29.848473
31.436256,29.506512
31.527283,29.345745
