y_true,y_pred
85.81702,80.1683
85.58899,81.75601
84.47436,82.10134
82.53321,79.48822
80.18168,75.3262
77.471756,70.83458
74.513054,67.12665
71.83804,64.40203
69.72173,62.43874
68.00493,60.983753
66.536606,59.827698
65.277725,58.835114
64.12251,57.931355
62.96024,57.095676
61.82381,56.334965
60.795845,55.67257
59.89872,55.143707
59.132637,54.794716
58.46321,54.6809
58.02163,54.864513
