y_true,y_pred
140.4204,128.98091
151.80142,141.31952
166.50038,151.83568
178.82527,163.60797
187.2951,172.8059
191.69962,177.79541
192.32689,179.28746
189.96182,178.48265
185.64421,176.26448
180.4,173.14407
174.88826,169.45996
169.35654,165.44215
163.93385,161.2637
158.73006,157.1018
153.57048,153.10887
148.34709,149.41537
143.58359,146.13943
139.56076,143.39421
136.27435,141.29234
134.25105,139.94911
