y_true,y_pred
98.19627,109.877365
104.29685,117.189705
112.07734,122.920715
118.32933,128.06845
122.25407,130.8447
123.83028,131.0685
123.263565,129.57895
121.0219,127.1957
117.79828,124.38342
114.15682,121.35961
110.52277,118.25739
107.381386,115.162704
104.86672,112.13964
102.60872,109.26727
100.23682,106.618195
97.78567,104.25867
95.53078,102.25357
93.53642,100.67123
91.94311,99.58554
90.984566,99.07706
