y_true,y_pred
105.09524,100.35612
106.582634,103.803474
107.75137,105.65018
107.77765,105.44199
106.83469,103.43808
105.14024,100.649155
102.89368,97.84581
100.190674,95.203835
97.17836,92.702034
94.35359,90.29463
92.01089,87.97066
89.9979,85.73495
88.17355,83.60287
86.68958,81.615074
85.5881,79.81628
84.88828,78.25188
84.524734,76.96959
84.32696,76.02269
84.21324,75.470856
84.1696,75.3805
