y_true,y_pred
78.42828,74.8432
77.787,75.72366
76.207794,75.1913
73.89891,73.27627
71.25446,70.89552
68.567535,68.56611
66.120544,66.50668
64.03262,64.75377
62.330734,63.260445
60.94209,61.957165
59.74223,60.79533
58.690144,59.739788
57.769547,58.769085
57.021145,57.88755
56.358932,57.11178
55.759705,56.467102
55.244003,55.987053
54.807983,55.714745
54.55675,55.702087
54.458096,56.008507
