y_true,y_pred
53.945366,55.9483
52.611385,53.786213
50.529785,51.463467
48.456676,48.668438
46.705208,46.038063
45.13599,43.825817
43.55751,42.113
42.058895,40.84436
40.913788,39.913143
40.14677,39.211662
39.505505,38.660275
38.783726,38.201515
38.011078,37.797943
37.373512,37.437275
36.906044,37.12288
36.520638,36.86961
36.232906,36.701706
36.087982,36.653286
36.10478,36.766804
36.203228,37.09088
