y_true,y_pred
109.00227,109.95733
115.52279,118.10255
123.57152,125.16733
130.00482,130.80449
134.18231,134.039
136.2136,135.04199
136.49887,134.46448
135.38622,132.93456
133.27477,130.84837
130.73546,128.40726
128.04803,125.743965
125.20693,122.946785
122.48189,120.08583
120.05043,117.25325
117.927376,114.53949
116.2273,112.031425
114.85767,109.815315
113.61689,107.979935
112.49527,106.61755
111.75709,105.82439
