y_true,y_pred
83.74484,84.48446
85.63601,88.82012
87.24641,91.78217
87.6038,92.85394
86.997925,92.29214
85.72933,90.79655
84.05332,88.85634
82.06712,86.76411
80.005905,84.66296
78.06559,82.60628
76.34809,80.62782
74.725845,78.74533
72.874016,76.97139
70.99455,75.33645
69.48081,73.87461
68.26107,72.6224
67.20665,71.62097
66.41247,70.919014
65.921684,70.573265
65.667404,70.64808
