y_true,y_pred
95.3819,81.41186
98.15164,84.36833
100.916885,87.622444
102.10165,90.201294
102.095535,91.886406
101.38584,92.68881
100.18177,92.72061
98.80089,92.098724
97.53617,90.92348
96.33794,89.27636
94.95189,87.25444
93.38584,84.95271
91.78449,82.46338
90.12911,79.8936
88.517815,77.34458
87.05391,74.907875
85.622055,72.66668
84.19657,70.69894
82.939415,69.07869
82.12705,67.87689
