y_true,y_pred
55.253994,53.19023
53.761765,52.164974
51.426792,50.66043
49.039333,48.79065
46.96501,47.07858
45.21767,45.651028
43.803833,44.518753
42.701176,43.640064
41.96158,42.950268
41.511425,42.380432
41.186028,41.880898
41.011612,41.416264
40.967484,40.965866
40.980694,40.53127
41.06821,40.1271
41.233562,39.777298
41.389244,39.513348
41.50194,39.37516
41.570145,39.409748
41.59487,39.66939
