y_true,y_pred
35.91314,36.16504
34.59269,34.138916
32.852837,32.455406
31.285423,30.818008
30.040924,29.527588
29.157562,28.610466
28.480972,28.018112
27.890167,27.670502
27.449493,27.48413
27.160889,27.384949
26.965782,27.320679
26.836052,27.255836
26.71923,27.17035
26.594002,27.062584
26.47546,26.94368
26.40849,26.833714
26.37122,26.75969
26.333649,26.756252
26.33105,26.864182
26.36116,27.128376
