y_true,y_pred
64.323166,66.10149
64.99133,67.67149
65.07457,68.05571
64.28966,67.08731
63.11134,65.503555
61.825027,63.80923
60.548782,62.197483
59.42883,60.740658
58.339855,59.44577
57.172638,58.282703
56.057228,57.224236
55.133354,56.245586
54.42395,55.330208
53.79741,54.484028
53.204266,53.724518
52.699265,53.07774
52.226734,52.577686
51.68241,52.26764
51.12362,52.19918
50.75724,52.430565
