y_true,y_pred
36.60395,35.81128
35.92794,34.783394
34.859352,33.766792
33.856293,32.705154
33.136047,31.880928
32.668274,31.326775
32.334816,30.999191
32.0056,30.832138
31.64064,30.757553
31.300552,30.714493
31.002403,30.66217
30.823051,30.574677
30.829868,30.440006
30.951775,30.264408
31.064907,30.065777
31.17577,29.87011
31.28986,29.709438
31.36206,29.622757
31.436256,29.654549
31.527283,29.852924
