y_true,y_pred
19.76844,22.09932
19.40081,20.73796
18.985641,19.630455
18.716148,18.688843
18.561264,18.089714
18.495789,17.79956
18.49646,17.741455
18.566414,17.834007
18.711739,18.00473
18.829369,18.19471
18.865707,18.364159
18.903755,18.488358
18.947517,18.55587
18.986229,18.56955
19.055946,18.542953
19.14241,18.49707
19.189194,18.458199
19.199165,18.458801
19.199978,18.536102
19.2,18.73005
