y_true,y_pred
48.110664,49.1935
48.011818,49.04583
47.522087,48.485172
46.510338,47.480366
45.212704,46.457973
43.92722,45.59733
42.863304,44.930878
42.13612,44.432552
41.666298,44.051792
41.22724,43.731125
40.736446,43.429947
40.22577,43.11996
39.7513,42.78629
39.298264,42.435986
38.82985,42.08894
38.4408,41.77402
38.23298,41.527576
38.159817,41.394104
38.106037,41.42495
38.041615,41.67643
