y_true,y_pred
73.004944,70.09842
74.60802,71.85804
75.744255,72.89708
75.81984,73.045654
75.268974,72.64329
74.47695,71.96449
73.721565,71.16206
72.94406,70.31568
71.91122,69.45265
70.59274,68.566086
69.24194,67.65419
68.07727,66.715706
67.06065,65.75502
66.02425,64.7994
65.06048,63.885517
64.34207,63.056328
63.802605,62.360943
63.30992,61.85614
62.92523,61.605484
62.758553,61.678185
