y_true,y_pred
85.81702,79.5856
85.58899,79.55361
84.47436,78.886955
82.53321,76.91593
80.18168,74.25607
77.471756,71.216415
74.513054,68.05768
71.83804,65.12163
69.72173,62.6571
68.00493,60.690025
66.536606,59.157574
65.277725,57.94771
64.12251,56.934814
62.96024,56.04421
61.82381,55.245987
60.795845,54.542034
59.89872,53.95569
59.132637,53.52663
58.46321,53.306477
58.02163,53.35526
