y_true,y_pred
105.09524,101.308136
106.582634,101.78822
107.75137,101.497536
107.77765,100.25591
106.83469,98.23481
105.14024,95.71677
102.89368,92.877174
100.190674,89.975365
97.17836,87.22895
94.35359,84.70814
92.01089,82.41977
89.9979,80.33504
88.17355,78.398926
86.68958,76.583435
85.5881,74.89366
84.88828,73.36019
84.524734,72.02959
84.32696,70.95931
84.21324,70.2143
84.1696,69.86501
