y_true,y_pred
140.4204,151.05263
151.80142,156.6784
166.50038,159.46341
178.82527,165.08157
187.2951,172.38084
191.69962,179.73495
192.32689,186.20001
189.96182,191.01846
185.64421,193.8359
180.4,194.62762
174.88826,193.58667
169.35654,191.00504
163.93385,187.24837
158.73006,182.73944
153.57048,177.86441
148.34709,172.94994
143.58359,168.26817
139.56076,164.04709
136.27435,160.4812
134.25105,157.74161
