y_true,y_pred
98.19627,117.97231
104.29685,119.555374
112.07734,120.03969
118.32933,120.800026
122.25407,121.291824
123.83028,121.36383
123.263565,120.898636
121.0219,119.87754
117.79828,118.35211
114.15682,116.37404
110.52277,114.05355
107.381386,111.51344
104.86672,108.83694
102.60872,106.10413
100.23682,103.40204
97.78567,100.828064
95.53078,98.483826
93.53642,96.47072
91.94311,94.88795
90.984566,93.83276
