y_true,y_pred
78.42828,74.03853
77.787,74.22934
76.207794,74.08581
73.89891,72.84207
71.25446,71.03178
68.567535,68.89609
66.120544,66.61689
64.03262,64.43696
62.330734,62.55787
60.94209,61.057487
59.74223,59.888924
58.690144,58.932274
57.769547,58.080498
57.021145,57.28371
56.358932,56.533627
55.759705,55.848045
55.244003,55.261513
54.807983,54.82167
54.55675,54.58568
54.458096,54.61759
