y_true,y_pred
53.945366,53.337646
52.611385,52.408077
50.529785,51.772705
48.456676,50.08121
46.705208,47.96674
45.13599,45.679363
43.55751,43.472637
42.058895,41.609715
40.913788,40.224308
40.14677,39.290142
39.505505,38.69612
38.783726,38.315228
38.011078,38.049046
37.373512,37.842274
36.906044,37.670338
36.520638,37.530605
36.232906,37.436996
36.087982,37.41831
36.10478,37.51515
36.203228,37.77675
