y_true,y_pred
83.74484,87.15239
85.63601,87.90963
87.24641,88.14973
87.6038,87.78071
86.997925,86.84383
85.72933,85.501434
84.05332,83.8294
82.06712,81.97847
80.005905,80.105995
78.06559,78.28295
76.34809,76.539536
74.725845,74.87106
72.874016,73.24772
70.99455,71.66619
69.48081,70.15143
68.26107,68.74781
67.20665,67.5104
66.41247,66.50158
65.921684,65.78871
65.667404,65.44272
