y_true,y_pred
109.00227,120.04962
115.52279,123.685165
123.57152,124.794945
130.00482,126.68127
134.18231,128.79832
136.2136,130.70212
136.49887,132.08401
135.38622,132.73361
133.27477,132.58374
130.73546,131.65175
128.04803,130.05464
125.20693,127.939964
122.48189,125.44013
120.05043,122.69983
117.927376,119.86422
116.2273,117.07699
114.85767,114.47656
113.61689,112.19501
112.49527,110.35791
111.75709,109.08574
