y_true,y_pred
64.323166,64.81877
64.99133,65.20436
65.07457,65.51549
64.28966,64.98256
63.11134,63.969982
61.825027,62.649483
60.548782,61.131443
59.42883,59.582127
58.339855,58.18529
57.172638,57.032257
56.057228,56.08951
55.133354,55.266502
54.42395,54.485775
53.79741,53.720566
53.204266,52.97876
52.699265,52.28851
52.226734,51.690147
51.68241,51.233803
51.12362,50.97671
50.75724,50.981094
