y_true,y_pred
95.3819,94.890305
98.15164,97.64881
100.916885,98.38096
102.10165,99.04946
102.095535,99.550316
101.38584,99.79145
100.18177,99.66129
98.80089,99.13985
97.53617,98.29033
96.33794,97.165985
94.95189,95.82291
93.38584,94.30386
91.78449,92.638
90.12911,90.88029
88.517815,89.10355
87.05391,87.39104
85.622055,85.8307
84.19657,84.51348
82.939415,83.53166
82.12705,82.97848
