y_true,y_pred
55.253994,52.464256
53.761765,51.828514
51.426792,51.645786
49.039333,50.48637
46.96501,48.952137
45.21767,47.256557
43.803833,45.595142
42.701176,44.183342
41.96158,43.139156
41.511425,42.441097
41.186028,41.990192
41.011612,41.67605
40.967484,41.418415
40.980694,41.179836
41.06821,40.951416
41.233562,40.743465
41.389244,40.580322
41.50194,40.498917
41.570145,40.54604
41.59487,40.775574
