y_true,y_pred
35.91314,36.237946
34.59269,34.979134
32.852837,34.46222
31.285423,33.21807
30.040924,31.716415
29.157562,30.140656
28.480972,28.695648
27.890167,27.561996
27.449493,26.814697
27.160889,26.398918
26.965782,26.21122
26.836052,26.156708
26.71923,26.166588
26.594002,26.202095
26.47546,26.24656
26.40849,26.299385
26.37122,26.372322
26.333649,26.489132
26.33105,26.683323
26.36116,26.99538
