y_true,y_pred
19.76844,26.567947
19.40081,25.431786
18.985641,25.179619
18.716148,24.396637
18.561264,23.411934
18.495789,22.374199
18.49646,21.456024
18.566414,20.793121
18.711739,20.421356
18.829369,20.277931
18.865707,20.27871
18.903755,20.35379
18.947517,20.455002
18.986229,20.557175
19.055946,20.65239
19.14241,20.745285
19.189194,20.8499
19.199165,20.990005
19.199978,21.1973
19.2,21.508862
