y_true,y_pred
48.110664,46.85921
48.011818,46.466305
47.522087,46.730007
46.510338,46.133957
45.212704,45.188988
43.92722,44.068707
42.863304,42.912422
42.13612,41.897762
41.666298,41.140312
41.22724,40.634186
40.736446,40.300285
40.22577,40.04658
39.7513,39.809002
39.298264,39.56381
38.82985,39.313244
38.4408,39.076122
38.23298,38.882763
38.159817,38.773808
38.106037,38.79788
38.041615,39.009033
