y_true,y_pred
73.004944,75.483826
74.60802,77.7341
75.744255,78.41008
75.81984,78.70775
75.268974,78.79093
74.47695,78.6463
73.721565,78.22775
72.94406,77.5791
71.91122,76.80408
70.59274,75.96898
69.24194,75.10299
68.07727,74.183655
67.06065,73.18275
66.02425,72.11611
65.06048,71.027916
64.34207,69.97745
63.802605,69.032036
63.30992,68.26521
62.92523,67.75461
62.758553,67.58069
