y_true,y_pred
36.60395,37.60222
35.92794,36.638153
34.859352,36.552498
33.856293,35.683838
33.136047,34.54493
32.668274,33.31423
32.334816,32.172966
32.0056,31.28637
31.64064,30.725487
31.300552,30.438187
31.002403,30.326302
30.823051,30.30214
30.829868,30.305641
30.951775,30.308403
31.064907,30.303875
31.17577,30.300785
31.28986,30.319199
31.36206,30.390194
31.436256,30.553612
31.527283,30.855358
