y_true,y_pred
325.38376,357.11642
327.03192,357.93155
327.18512,359.07318
325.15912,358.59592
321.78348,355.95688
317.39752,351.2732
312.09415,344.9782
305.942,337.17822
299.0088,327.68448
291.36197,316.57275
283.0687,304.20502
274.19653,290.92142
264.81323,276.98663
254.98639,262.67615
244.78336,248.23398
234.27153,233.90935
223.52,220.01137
212.64542,206.94098
202.31146,195.17163
195.21242,185.17946
