y_true,y_pred
465.2813,474.9024
472.9386,477.49725
479.44608,482.2273
479.67734,485.3595
474.40372,485.008
466.87198,481.705
459.91565,476.32822
453.1638,469.49918
443.62137,461.12387
430.14056,450.89685
414.61267,438.83026
398.66107,425.06995
382.67578,409.8228
366.68948,393.41708
350.70322,376.16998
334.71692,358.373
318.7328,340.31848
302.82162,322.34058
287.84442,304.86258
277.59857,288.42813
