y_true,y_pred
762.6881,772.4022
776.393,781.62555
785.3982,793.7523
785.77,800.30426
782.3185,800.9094
776.8533,797.07117
769.7281,790.111
761.1728,781.41394
751.42615,772.01514
740.73016,761.87555
729.32086,750.8385
717.4181,738.8256
705.21606,725.97754
692.8723,712.7428
680.4985,699.63135
668.14966,687.155
655.81696,675.82745
643.4748,666.1587
631.69763,658.6596
623.5281,653.85516
