y_true,y_pred
585.4245,600.21173
601.5574,609.95276
619.35095,623.00055
631.50397,633.7745
638.54553,640.0206
641.6593,642.18384
641.60724,641.5186
638.93506,639.1588
634.0231,635.26776
627.11163,629.3359
618.32635,621.18243
607.703,610.8358
595.21277,598.4021
580.78503,584.135
564.3309,568.217
545.76886,550.7013
525.0544,531.5132
502.32303,510.49158
479.20245,487.53223
462.64154,462.88715
