y_true,y_pred
285.0859,260.7956
283.33502,266.35114
280.34244,271.8454
276.4911,272.2105
271.91895,269.72922
266.69724,265.80447
260.89157,261.0097
254.56772,255.63583
247.79132,249.65143
240.6278,243.07454
233.1426,236.27649
225.40118,229.57944
217.46927,222.99472
209.41235,216.45184
201.29591,209.94766
193.18552,203.59052
185.1476,197.56027
177.27908,192.05217
170.02863,187.24338
165.15166,183.28416
