y_true,y_pred
475.3621,459.46973
484.25357,471.1046
494.0859,484.34592
499.86203,493.1772
501.35437,497.24963
499.5532,496.72003
495.31293,492.92322
489.2052,486.5744
481.53467,478.7286
472.36536,469.79297
461.54883,459.76703
448.7521,448.37192
433.4852,435.3125
415.12726,420.30295
392.95215,402.78152
366.15656,381.91547
333.89948,357.13635
295.592,328.79953
253.74231,298.3116
222.35527,267.79303
