y_true,y_pred
651.5233,643.8722
661.09796,657.61597
670.69775,667.074
674.8106,671.49994
673.7344,672.0105
669.0188,668.7053
661.9562,662.33167
653.47974,653.9328
644.21405,644.773
634.5329,635.20966
624.6194,625.17615
614.523,614.40015
604.21924,602.7766
593.66724,590.53577
582.8681,578.0309
571.9239,565.66046
561.096,553.84436
550.8761,543.0045
542.1913,533.5583
536.841,525.924
