y_true,y_pred
381.99533,355.36133
385.84348,352.6469
389.358,355.95718
389.9086,359.1207
387.66592,359.23648
383.20615,356.98138
376.8018,353.2807
369.32327,348.63446
362.14157,343.1434
355.72498,336.63507
348.93002,328.98544
340.03976,320.15085
328.4661,310.20993
315.51096,299.43198
303.42398,288.17273
292.68494,276.84015
279.534,265.86453
260.2165,255.65717
241.22043,246.57675
232.49826,238.9172
