y_true,y_pred
544.71783,522.5922
550.3595,534.8165
555.62244,544.8224
558.0191,549.74036
558.0023,551.1246
555.8267,549.2123
551.6066,544.8429
545.54456,538.5375
537.9299,531.13055
529.1105,523.0697
519.4642,514.6557
509.37057,505.9114
499.1814,496.75232
489.19122,487.21375
479.60895,477.36996
470.5285,467.31598
461.9013,457.16565
453.5521,447.0478
445.6362,437.12067
440.09393,427.61554
