y_true,y_pred
290.6074,356.40927
298.72095,353.77594
308.71942,357.90652
317.2688,363.807
324.9272,368.8983
331.83102,372.6793
336.72626,374.94992
338.4884,375.40228
337.05447,373.93787
333.23502,370.69037
328.03836,365.2165
321.61563,356.4809
312.41144,343.8307
298.37222,327.86615
280.5858,310.3667
264.9036,293.96893
256.6247,281.70715
253.97061,274.10672
251.65091,268.67416
249.03981,264.6347
