y_true,y_pred
209.38094,201.4351
207.66756,199.36366
204.96146,195.76596
201.77975,193.0528
198.27283,190.30869
194.49179,187.32849
190.47916,184.06339
186.2774,180.50168
181.92896,176.61725
177.47606,172.37796
172.96107,167.81973
168.42633,163.00998
163.91418,158.03749
159.46696,153.03859
155.12704,148.14908
150.93681,143.49545
146.93896,139.1971
143.18808,135.3686
139.878,132.12064
137.72058,129.56122
