y_true,y_pred
287.46432,285.80634
289.60977,289.2796
290.7514,290.47574
289.6981,287.68716
286.0574,282.21973
278.0757,274.95187
265.4393,266.6941
251.5122,258.18558
240.56183,249.86609
233.48672,241.83922
227.50607,234.0712
219.8375,226.45517
210.5893,218.87329
201.78705,211.2908
194.73221,203.7485
189.21149,196.38867
184.18077,189.44548
178.57242,183.1966
173.55444,177.90393
171.43552,173.75723
