y_true,y_pred
100.61267,101.3883
100.38477,101.44283
99.87824,100.07726
99.074524,98.13024
97.99528,96.143936
96.67259,94.33946
95.13954,92.68409
93.42935,91.058945
91.575195,89.37104
89.61018,87.555565
87.56742,85.59964
85.48004,83.515724
83.38121,81.33484
81.30405,79.119675
79.2817,76.940865
77.347336,74.870255
75.53421,72.97967
73.87975,71.34183
72.47113,70.029976
71.58056,69.11742
