y_true,y_pred
322.7328,324.8388
326.30457,329.21326
330.27997,334.14804
332.86282,337.28445
334.16495,338.30353
334.64554,337.8765
334.6141,336.34097
334.21582,334.02243
333.46844,331.17285
332.30237,327.92587
330.59985,324.41046
328.23526,320.6784
325.11475,316.7143
321.21564,312.5373
316.62564,308.14505
311.58307,303.52744
306.5162,298.70496
302.06616,293.76688
298.9651,288.89893
297.538,284.40073
