y_true,y_pred
157.66704,164.2863
158.59682,163.59018
159.21051,162.97937
158.93883,161.36726
157.89621,159.4263
156.22992,157.34755
154.04286,155.08076
151.41878,152.53745
148.42764,149.67412
145.12843,146.46779
141.57185,142.95953
137.80316,139.21364
133.86473,135.31035
129.79861,131.37155
125.64914,127.52197
121.46565,123.88057
117.30559,120.56113
113.25069,117.673706
109.55875,115.32569
107.10614,113.622635
