y_true,y_pred
213.09158,204.8946
215.85533,208.56834
218.88791,214.67166
220.66693,217.21295
221.12439,218.89212
220.53134,219.82544
219.13643,219.6932
217.139,218.50644
214.6947,216.39569
211.92226,213.52318
208.91098,210.08887
205.72797,206.2537
202.4252,202.14609
199.04636,197.93268
195.63416,193.77965
192.2374,189.84036
188.91826,186.24995
185.7675,183.13052
183.00012,180.6092
181.21979,178.83484
