y_true,y_pred
0.0,99.14813
0.0,104.47068
0.0,111.99671
0.0,117.98865
0.0,123.43335
0.0,125.31679
0.0,124.21951
0.0,122.30899
0.0,120.42762
0.0,118.625244
0.0,116.96511
0.0,115.452065
0.0,113.96616
0.0,112.58289
0.0,111.23241
0.0,109.87338
0.0,108.55472
0.0,107.20595
0.0,105.85567
0.0,104.51459
0.0,103.1618
0.0,101.840996
0.0,100.543106
0.0,99.318146
0.0,98.14653
0.0,97.06418
0.0,96.11913
0.0,95.25844
0.0,94.6025
0.0,94.119545
0.0,93.759796
