y_true,y_pred
0.0,85.22347
0.0,85.17375
0.0,84.642815
0.0,83.03183
0.0,80.851685
0.0,78.328
0.0,75.81082
0.0,73.64783
0.0,72.01313
0.0,70.82153
0.0,70.023895
0.0,69.53862
0.0,69.216034
0.0,69.05435
0.0,68.96452
0.0,68.88655
0.0,68.83276
0.0,68.73789
0.0,68.61181
0.0,68.455666
0.0,68.24909
0.0,68.02242
0.0,67.76878
0.0,67.524345
0.0,67.27803
0.0,67.05779
0.0,66.90239
0.0,66.77629
0.0,66.77261
0.0,66.87213
0.0,67.04038
