y_true,y_pred
0.0,140.52979
0.0,151.92554
0.0,166.6745
0.0,178.91963
0.0,188.34271
0.0,193.21826
0.0,194.77878
0.0,193.52875
0.0,190.63562
0.0,187.23029
0.0,183.69037
0.0,180.22954
0.0,176.6951
0.0,173.2475
0.0,169.8103
0.0,166.35721
0.0,162.98048
0.0,159.60257
0.0,156.28006
0.0,153.04048
0.0,149.86569
0.0,146.82065
0.0,143.89536
0.0,141.1593
0.0,138.58197
0.0,136.20915
0.0,134.09978
0.0,132.17651
0.0,130.59329
0.0,129.30002
0.0,128.22493
