y_true,y_pred
0.0,105.27765
0.0,107.40451
0.0,108.247345
0.0,107.96348
0.0,106.87982
0.0,105.10486
0.0,102.9697
0.0,100.932434
0.0,99.32134
0.0,98.13324
0.0,97.35815
0.0,96.921
0.0,96.647804
0.0,96.54663
0.0,96.51132
0.0,96.470665
0.0,96.44455
0.0,96.35222
0.0,96.208786
0.0,96.01772
0.0,95.75591
0.0,95.46373
0.0,95.13358
0.0,94.815346
0.0,94.49389
0.0,94.207535
0.0,94.00774
0.0,93.84713
0.0,93.849266
0.0,93.988045
0.0,94.21816
