y_true,y_pred
0.0,77.87401
0.0,77.54612
0.0,76.078415
0.0,74.062256
0.0,71.699425
0.0,69.26959
0.0,67.10597
0.0,65.39896
0.0,64.22839
0.0,63.48242
0.0,63.097523
0.0,62.988007
0.0,63.00941
0.0,63.157906
0.0,63.348923
0.0,63.52519
0.0,63.697865
0.0,63.804974
0.0,63.855698
0.0,63.85135
0.0,63.77284
0.0,63.650017
0.0,63.477554
0.0,63.291294
0.0,63.08275
0.0,62.880417
0.0,62.723213
0.0,62.57968
0.0,62.5402
0.0,62.58838
0.0,62.693237
