y_true,y_pred
0.0,84.09419
0.0,85.78415
0.0,86.92244
0.0,87.50079
0.0,87.44177
0.0,86.45052
0.0,84.91983
0.0,83.35712
0.0,82.03583
0.0,80.95078
0.0,80.117325
0.0,79.497025
0.0,78.96506
0.0,78.54889
0.0,78.17279
0.0,77.78714
0.0,77.41683
0.0,76.99886
0.0,76.54984
0.0,76.07504
0.0,75.55571
0.0,75.02643
0.0,74.48091
0.0,73.95903
0.0,73.448524
0.0,72.97927
0.0,72.59204
0.0,72.2479
0.0,72.04502
0.0,71.96146
0.0,71.95956
