y_true,y_pred
0.0,109.16226
0.0,116.05889
0.0,123.62681
0.0,129.74219
0.0,134.32202
0.0,136.54025
0.0,137.54913
0.0,137.4389
0.0,136.74077
0.0,135.8558
0.0,135.01971
0.0,134.294
0.0,133.53687
0.0,132.81952
0.0,132.05394
0.0,131.18912
0.0,130.28287
0.0,129.25798
0.0,128.15393
0.0,126.99069
0.0,125.752266
0.0,124.49745
0.0,123.222946
0.0,121.99571
0.0,120.79783
0.0,119.67797
0.0,118.69844
0.0,117.79944
0.0,117.12918
0.0,116.652176
0.0,116.31128
