y_true,y_pred
0.0,54.428215
0.0,52.560043
0.0,50.755436
0.0,48.781147
0.0,46.838997
0.0,44.991398
0.0,43.47689
0.0,42.407997
0.0,41.782875
0.0,41.479588
0.0,41.431763
0.0,41.56552
0.0,41.7669
0.0,42.03496
0.0,42.307285
0.0,42.542873
0.0,42.753395
0.0,42.893635
0.0,42.97293
0.0,42.994095
0.0,42.942772
0.0,42.843487
0.0,42.693283
0.0,42.519215
0.0,42.317394
0.0,42.109642
0.0,41.92644
0.0,41.746292
0.0,41.6372
0.0,41.588654
0.0,41.578712
