y_true,y_pred
0.0,35.828644
0.0,34.38308
0.0,32.885353
0.0,31.448158
0.0,30.16497
0.0,29.100296
0.0,28.38565
0.0,28.04995
0.0,28.056824
0.0,28.290382
0.0,28.689903
0.0,29.192986
0.0,29.705696
0.0,30.23014
0.0,30.71772
0.0,31.137756
0.0,31.503601
0.0,31.78051
0.0,31.979172
0.0,32.10422
0.0,32.1446
0.0,32.122528
0.0,32.036705
0.0,31.91003
0.0,31.74142
0.0,31.55014
0.0,31.363396
0.0,31.166138
0.0,31.016525
0.0,30.908749
0.0,30.827026
