y_true,y_pred
0.0,93.8915
0.0,97.85825
0.0,100.36539
0.0,102.2218
0.0,102.919334
0.0,102.519
0.0,101.93349
0.0,101.280396
0.0,100.61554
0.0,99.97387
0.0,99.46005
0.0,99.086426
0.0,98.73506
0.0,98.45453
0.0,98.167496
0.0,97.824585
0.0,97.463234
0.0,97.01494
0.0,96.50476
0.0,95.94352
0.0,95.31356
0.0,94.65911
0.0,93.97557
0.0,93.314064
0.0,92.660835
0.0,92.05407
0.0,91.54426
0.0,91.084724
0.0,90.795166
0.0,90.649086
0.0,90.60146
