y_true,y_pred
0.0,64.84415
0.0,64.95383
0.0,64.63305
0.0,64.1161
0.0,63.331596
0.0,62.319725
0.0,61.317047
0.0,60.525707
0.0,60.027576
0.0,59.74624
0.0,59.656616
0.0,59.706287
0.0,59.782093
0.0,59.903194
0.0,60.00714
0.0,60.05453
0.0,60.068745
0.0,60.00028
0.0,59.866024
0.0,59.673367
0.0,59.40851
0.0,59.103325
0.0,58.75506
0.0,58.39863
0.0,58.02703
0.0,57.66703
0.0,57.354866
0.0,57.060776
0.0,56.86834
0.0,56.761597
0.0,56.711075
