y_true,y_pred
0.0,54.75158
0.0,53.238495
0.0,51.301773
0.0,49.125042
0.0,47.03926
0.0,45.306698
0.0,44.08783
0.0,43.421616
0.0,43.26603
0.0,43.471348
0.0,43.9488
0.0,44.605293
0.0,45.309853
0.0,46.052975
0.0,46.764133
0.0,47.3972
0.0,47.96355
0.0,48.414574
0.0,48.760563
0.0,49.00511
0.0,49.133957
0.0,49.174816
0.0,49.12617
0.0,49.02043
0.0,48.85554
0.0,48.659275
0.0,48.469048
0.0,48.264614
0.0,48.125328
0.0,48.042915
0.0,47.996166
