y_true,y_pred
0.0,48.166027
0.0,47.74785
0.0,46.942745
0.0,46.001404
0.0,44.989845
0.0,44.02879
0.0,43.26248
0.0,42.78769
0.0,42.62553
0.0,42.677803
0.0,42.89902
0.0,43.230698
0.0,43.569695
0.0,43.92648
0.0,44.247227
0.0,44.498722
0.0,44.70053
0.0,44.812504
0.0,44.84933
0.0,44.817787
0.0,44.70604
0.0,44.540882
0.0,44.32006
0.0,44.07153
0.0,43.790806
0.0,43.499928
0.0,43.22969
0.0,42.957977
0.0,42.75448
0.0,42.608925
0.0,42.499813
