y_true,y_pred
0.0,73.8122
0.0,75.5353
0.0,76.13173
0.0,76.26639
0.0,75.74145
0.0,74.78291
0.0,74.0024
0.0,73.51556
0.0,73.24919
0.0,73.10085
0.0,73.07913
0.0,73.16086
0.0,73.2392
0.0,73.34909
0.0,73.42703
0.0,73.433334
0.0,73.39894
0.0,73.269684
0.0,73.067154
0.0,72.8015
0.0,72.45886
0.0,72.07682
0.0,71.65291
0.0,71.22891
0.0,70.796036
0.0,70.38587
0.0,70.04033
0.0,69.723724
0.0,69.533295
0.0,69.44928
0.0,69.43643
