y_true,y_pred
0.0,19.699158
0.0,19.214432
0.0,18.85852
0.0,18.670113
0.0,18.543076
0.0,18.454033
0.0,18.524788
0.0,18.78817
0.0,19.226532
0.0,19.759148
0.0,20.349602
0.0,20.958366
0.0,21.516449
0.0,22.036774
0.0,22.486748
0.0,22.848076
0.0,23.139435
0.0,23.337227
0.0,23.456207
0.0,23.505135
0.0,23.477966
0.0,23.39721
0.0,23.264313
0.0,23.09951
0.0,22.90385
0.0,22.693295
0.0,22.490307
0.0,22.282673
0.0,22.117325
0.0,21.989342
0.0,21.885345
