y_true,y_pred
0.0,36.780975
0.0,36.061188
0.0,35.16799
0.0,34.239235
0.0,33.36756
0.0,32.6662
0.0,32.2546
0.0,32.174828
0.0,32.40258
0.0,32.82538
0.0,33.38597
0.0,34.023094
0.0,34.640266
0.0,35.243935
0.0,35.78559
0.0,36.235886
0.0,36.613094
0.0,36.88295
0.0,37.060143
0.0,37.152443
0.0,37.15046
0.0,37.07987
0.0,36.94034
0.0,36.757786
0.0,36.530643
0.0,36.280006
0.0,36.035297
0.0,35.77955
0.0,35.57639
0.0,35.41927
0.0,35.29125
