y_true,y_pred
140.4204,158.1512
151.80142,161.92773
166.50038,162.59286
178.82527,166.09589
187.2951,171.54099
191.69962,177.1637
192.32689,181.85048
189.96182,184.70042
185.64421,185.36742
180.4,183.87439
174.88826,180.44215
169.35654,175.42778
163.93385,169.31564
158.73006,162.64662
153.57048,155.87952
148.34709,149.36197
143.58359,143.3475
139.56076,138.0203
136.27435,133.51744
134.25105,129.94682
