y_true,y_pred
105.09524,106.318886
106.582634,105.429184
107.75137,104.55501
107.77765,103.60044
106.83469,102.23079
105.14024,100.55555
102.89368,98.6138
100.190674,96.50722
97.17836,94.37495
94.35359,92.27764
92.01089,90.255135
89.9979,88.344
88.17355,86.55131
86.68958,84.86641
85.5881,83.28507
84.88828,81.83383
84.524734,80.56699
84.32696,79.55651
84.21324,78.88332
84.1696,78.633095
