y_true,y_pred
85.81702,83.30155
85.58899,82.156494
84.47436,81.284256
82.53321,79.74211
80.18168,77.69376
77.471756,75.39276
74.513054,72.93948
71.83804,70.496414
69.72173,68.27255
68.00493,66.40034
66.536606,64.917694
65.277725,63.784744
64.12251,62.91967
62.96024,62.23661
61.82381,61.672157
60.795845,61.203114
59.89872,60.842857
59.132637,60.6327
58.46321,60.632618
58.02163,60.914497
