y_true,y_pred
98.19627,123.229866
104.29685,122.90257
112.07734,122.221634
118.32933,122.655945
122.25407,123.37961
123.83028,123.8878
123.263565,123.896835
121.0219,123.210045
117.79828,121.77615
114.15682,119.60838
110.52277,116.81611
107.381386,113.58487
104.86672,110.10851
102.60872,106.5576
100.23682,103.07096
97.78567,99.77536
95.53078,96.788315
93.53642,94.21596
91.94311,92.153366
90.984566,90.68748
