y_true,y_pred
83.74484,90.40184
85.63601,89.68667
87.24641,89.23253
87.6038,88.82274
86.997925,88.11696
85.72933,87.16284
84.05332,85.957825
82.06712,84.53992
80.005905,82.99793
78.06559,81.383675
76.34809,79.74505
74.725845,78.12867
72.874016,76.55253
70.99455,75.021225
69.48081,73.54866
68.26107,72.17444
67.20665,70.95818
66.41247,69.97112
65.921684,69.28985
65.667404,68.993416
