y_true,y_pred
78.42828,74.01218
77.787,73.21174
76.207794,72.79309
73.89891,71.85212
71.25446,70.52123
68.567535,68.973465
66.120544,67.26717
64.03262,65.50246
62.330734,63.822437
60.94209,62.332058
59.74223,61.10222
58.690144,60.13437
57.769547,59.355965
57.021145,58.692135
56.358932,58.099396
55.759705,57.573135
55.244003,57.13861
54.807983,56.84232
54.55675,56.7446
54.458096,56.914658
