y_true,y_pred
53.945366,53.5271
52.611385,52.25549
50.529785,51.691856
48.456676,50.60702
46.705208,49.212795
45.13599,47.660652
43.55751,46.011826
42.058895,44.362312
40.913788,42.85023
40.14677,41.58327
39.505505,40.605804
38.783726,39.89215
38.011078,39.37171
37.373512,38.98098
36.906044,38.681065
36.520638,38.457703
36.232906,38.316547
36.087982,38.280533
36.10478,38.386223
36.203228,38.680267
