y_true,y_pred
109.00227,124.33293
115.52279,126.187935
123.57152,125.92079
130.00482,126.850204
134.18231,128.3642
136.2136,129.83705
136.49887,130.88412
135.38622,131.19736
133.27477,130.63733
130.73546,129.1774
128.04803,126.91312
125.20693,124.019
122.48189,120.69536
120.05043,117.147804
117.927376,113.55716
116.2273,110.08511
114.85767,106.87685
113.61689,104.06205
112.49527,101.75651
111.75709,100.065445
