y_true,y_pred
55.253994,50.29632
53.761765,49.26597
51.426792,49.05706
49.039333,48.404034
46.96501,47.511494
45.21767,46.493137
43.803833,45.378883
42.701176,44.22697
41.96158,43.13985
41.511425,42.20374
41.186028,41.455784
41.011612,40.87012
40.967484,40.388405
40.980694,39.968586
41.06821,39.59333
41.233562,39.26632
41.389244,39.006836
41.50194,38.847504
41.570145,38.831112
41.59487,39.0077
