y_true,y_pred
35.91314,34.507225
34.59269,33.28315
32.852837,32.94819
31.285423,32.364464
30.040924,31.680809
29.157562,30.945747
28.480972,30.153328
27.890167,29.345657
27.449493,28.607048
27.160889,28.006561
26.965782,27.557518
26.836052,27.22245
26.71923,26.95494
26.594002,26.726753
26.47546,26.527596
26.40849,26.36092
26.37122,26.240616
26.333649,26.190723
26.33105,26.243423
26.36116,26.436333
