y_true,y_pred
95.3819,96.91191
98.15164,98.29608
100.916885,98.12354
102.10165,98.272964
102.095535,98.46861
101.38584,98.55795
100.18177,98.40678
98.80089,97.92621
97.53617,97.11176
96.33794,95.97663
94.95189,94.56969
93.38584,92.956375
91.78449,91.19431
90.12911,89.34577
88.517815,87.47791
87.05391,85.670944
85.622055,84.01481
84.19657,82.604294
82.939415,81.53498
82.12705,80.901794
