y_true,y_pred
64.323166,64.214745
64.99133,63.623745
65.07457,63.534
64.28966,63.10852
63.11134,62.375973
61.825027,61.446815
60.548782,60.341534
59.42883,59.10201
58.339855,57.838528
57.172638,56.68036
56.057228,55.689877
55.133354,54.85298
54.42395,54.113907
53.79741,53.425735
53.204266,52.771664
52.699265,52.165607
52.226734,51.642635
51.68241,51.252605
51.12362,51.05487
50.75724,51.114635
