y_true,y_pred
19.76844,22.394974
19.40081,21.41462
18.985641,21.268173
18.716148,21.180984
18.561264,21.149963
18.495789,21.113297
18.49646,21.022072
18.566414,20.881348
18.711739,20.728416
18.829369,20.59645
18.865707,20.483307
18.903755,20.366714
18.947517,20.227745
18.986229,20.061623
19.055946,19.875618
19.14241,19.685669
19.189194,19.51387
19.199165,19.388985
19.199978,19.344883
19.2,19.418144
