y_true,y_pred
36.60395,34.256004
35.92794,33.26436
34.859352,33.25064
33.856293,32.999077
33.136047,32.66487
32.668274,32.27999
32.334816,31.822334
32.0056,31.317131
31.64064,30.834084
31.300552,30.42817
31.002403,30.104774
30.823051,29.829384
30.829868,29.565445
30.951775,29.29737
31.064907,29.02739
31.17577,28.770493
31.28986,28.550632
31.36206,28.40049
31.436256,28.359276
31.527283,28.470242
