y_true,y_pred
73.004944,74.39524
74.60802,75.635574
75.744255,75.694565
75.81984,75.709915
75.268974,75.64881
74.47695,75.48142
73.721565,75.13821
72.94406,74.57703
71.91122,73.828026
70.59274,72.96621
69.24194,72.05884
68.07727,71.11843
67.06065,70.13028
66.02425,69.09686
65.06048,68.044205
64.34207,67.020454
63.802605,66.08826
63.30992,65.31986
62.92523,64.793045
62.758553,64.5885
