y_true,y_pred
48.110664,44.429344
48.011818,43.61911
47.522087,43.706123
46.510338,43.44141
45.212704,42.995487
43.92722,42.443386
42.863304,41.7871
42.13612,41.056385
41.666298,40.331295
41.22724,39.68646
40.736446,39.152767
40.22577,38.704506
39.7513,38.294033
39.298264,37.894753
38.82985,37.504265
38.4408,37.138363
38.23298,36.82525
38.159817,36.603615
38.106037,36.519882
38.041615,36.625465
