y_true,y_pred
142.84743,149.59692
157.14728,154.08685
174.34268,155.36551
186.19095,157.17998
190.92088,159.16638
189.58475,160.77245
184.33868,161.57523
177.33542,161.3234
169.88464,159.94543
162.53023,157.52267
155.3701,154.33054
148.45956,150.68777
142.31656,146.82883
137.36258,142.94156
133.80904,139.18256
131.64835,135.69493
130.38689,132.6106
129.46646,130.0506
128.66823,128.12822
128.12802,126.9536
