y_true,y_pred
99.55498,127.44022
107.15514,130.9995
115.97729,131.79944
121.5392,131.51321
123.01762,130.26138
121.06587,128.19919
116.99494,125.497826
112.215195,122.44035
107.84535,119.20927
104.291466,115.960785
101.05281,112.88682
97.813354,110.052505
94.89961,107.42603
92.530846,105.003876
90.8714,102.815
89.92887,100.90797
89.34811,99.34067
89.02539,98.178055
89.11177,97.49235
89.346535,97.36383
