y_true,y_pred
99.55498,127.68658
107.15514,128.3569
115.97729,128.38937
121.5392,127.78081
123.01762,126.338844
121.06587,124.22833
116.99494,121.60126
112.215195,118.70894
107.84535,115.7289
104.291466,112.72721
101.05281,109.81396
97.813354,107.08378
94.89961,104.53538
92.530846,102.15278
90.8714,99.948845
89.92887,97.96936
89.34811,96.28004
89.02539,94.95675
89.11177,94.08104
89.346535,93.73912
