y_true,y_pred
105.31733,102.47867
106.80617,101.87686
107.4609,101.1153
106.38549,99.37081
103.99001,96.701614
100.65318,93.55345
96.78176,90.133385
93.21463,86.71002
90.29148,83.57492
87.87042,80.896
86.08736,78.731476
85.03174,77.05294
84.516655,75.77475
84.27374,74.795166
84.17987,74.020035
84.16149,73.39903
84.16005,72.931206
84.16,72.65431
84.16,72.63166
84.16,72.9426
