y_true,y_pred
142.84743,145.20966
157.14728,152.30542
174.34268,154.42233
186.19095,157.21652
190.92088,160.09785
189.58475,162.25638
184.33868,163.08112
177.33542,162.3554
169.88464,160.18478
162.53023,156.90886
155.3701,153.00717
148.45956,148.86107
142.31656,144.70001
137.36258,140.69542
133.80904,136.97884
131.64835,133.65959
130.38689,130.8342
129.46646,128.59204
128.66823,127.02081
128.12802,126.21207
