y_true,y_pred
105.31733,100.864944
106.80617,101.60293
107.4609,101.2111
106.38549,99.35027
103.99001,96.397835
100.65318,92.88528
96.78176,89.097916
93.21463,85.40529
90.29148,82.14483
87.87042,79.45773
86.08736,77.351074
85.03174,75.74765
84.516655,74.521164
84.27374,73.54795
84.17987,72.74402
84.16149,72.07902
84.16005,71.56646
84.16,71.25106
84.16,71.197685
84.16,71.484276
