y_true,y_pred
85.56679,77.21173
84.85218,75.51935
82.87765,74.53259
79.836555,72.91672
76.20642,70.71028
72.560814,68.22139
69.56231,65.58215
67.267975,62.96596
65.41622,60.593616
63.79326,58.664978
62.275314,57.30772
60.88208,56.537827
59.6706,56.275948
58.655937,56.395374
57.81182,56.760334
57.078445,57.268715
56.364227,57.870102
55.63814,58.563072
54.94963,59.383907
54.47828,60.39527
