y_true,y_pred
85.56679,76.53064
84.85218,75.27769
82.87765,74.39554
79.836555,72.70911
76.20642,70.339
72.560814,67.646515
69.56231,64.78946
67.267975,61.977707
65.41622,59.469692
63.79326,57.479126
62.275314,56.115955
60.88208,55.36437
59.6706,55.11864
58.655937,55.235165
57.81182,55.57465
57.078445,56.041313
56.364227,56.592743
55.63814,57.233597
54.94963,58.003998
54.47828,58.969116
