y_true,y_pred
78.11705,71.50134
76.9072,74.83518
74.366135,75.438095
70.99646,73.13652
67.54153,69.61982
64.54082,66.20271
62.179657,63.65738
60.37332,61.927013
58.904408,60.711056
57.648453,59.75728
56.62691,58.92605
55.825947,58.150185
55.226986,57.402893
54.76712,56.692047
54.428566,56.039383
54.15031,55.474228
53.908287,55.032864
53.787407,54.76038
53.762093,54.710297
53.76006,54.943344
