y_true,y_pred
110.31249,115.714836
118.34122,123.61993
127.54769,127.915634
133.54166,130.82616
135.82433,132.23322
135.18875,131.80533
132.68842,129.82817
129.28983,126.88615
125.560524,123.57066
121.96984,120.269455
118.86132,117.17071
116.38933,114.34712
114.44987,111.82077
112.793274,109.618866
111.32011,107.76327
110.063065,106.27554
109.037186,105.184875
108.15335,104.5342
107.358574,104.38252
106.818535,104.80524
