y_true,y_pred
78.11705,72.11673
76.9072,74.3413
74.366135,75.45107
70.99646,74.14658
67.54153,71.647415
64.54082,68.51567
62.179657,65.432755
60.37332,62.972176
58.904408,61.257107
57.648453,60.116684
56.62691,59.3132
55.825947,58.655464
55.226986,58.038692
54.76712,57.432278
54.428566,56.843937
54.15031,56.30203
53.908287,55.84809
53.787407,55.53451
53.762093,55.42225
53.76006,55.578484
