y_true,y_pred
83.93979,83.49777
85.85863,89.73249
87.13474,92.47836
86.66468,92.17695
84.84614,89.77502
82.37212,86.71466
79.72266,83.84201
77.19835,81.26906
74.80617,78.94124
72.33594,76.81546
70.0709,74.89518
68.30628,73.18747
66.972786,71.69154
66.06563,70.41589
65.501976,69.36865
65.05574,68.560646
64.63318,68.01053
64.25389,67.74939
63.846222,67.82146
63.54433,68.2835
