y_true,y_pred
110.31249,111.6653
118.34122,122.47368
127.54769,127.85805
133.54166,131.6395
135.82433,132.96825
135.18875,131.73457
132.68842,128.92268
129.28983,125.40366
125.560524,121.712036
121.96984,118.110466
118.86132,114.75317
116.38933,111.71422
114.44987,109.018364
112.793274,106.69061
111.32011,104.74664
110.063065,103.20023
109.037186,102.07268
108.15335,101.399536
107.358574,101.23309
106.818535,101.64263
