y_true,y_pred
53.575977,51.676033
51.73654,52.0665
49.07871,52.00755
46.59575,50.33461
44.401962,47.9766
42.413406,45.304325
40.88093,42.736397
39.801212,40.642532
38.830452,39.172253
37.870808,38.270454
37.100883,37.77256
36.550602,37.51082
36.220486,37.36572
36.143787,37.2702
36.19268,37.192787
36.15642,37.127136
36.060806,37.086098
36.010784,37.099968
36.000797,37.213005
36.000023,37.47965
