y_true,y_pred
83.93979,81.029976
85.85863,84.61444
87.13474,87.18157
86.66468,87.22264
84.84614,85.55984
82.37212,82.78454
79.72266,79.703094
77.19835,76.83256
74.80617,74.35146
72.33594,72.266556
70.0709,70.494064
68.30628,68.96353
66.972786,67.63733
66.06563,66.50927
65.501976,65.582405
65.05574,64.86576
64.63318,64.376976
64.25389,64.14613
63.846222,64.21649
63.54433,64.64358
