y_true,y_pred
53.575977,52.044945
51.73654,52.791893
49.07871,52.162804
46.59575,49.46554
44.401962,46.082027
42.413406,42.88039
40.88093,40.4718
39.801212,38.96036
38.830452,38.144176
37.870808,37.748917
37.100883,37.573273
36.550602,37.489468
36.220486,37.42114
36.143787,37.335125
36.19268,37.225056
36.15642,37.103443
36.060806,36.99724
36.010784,36.946636
36.000797,37.001835
36.000023,37.219646
