y_true,y_pred
54.82441,53.062405
52.7607,51.594963
49.780373,49.88245
46.978523,47.181915
44.70915,44.66572
43.02398,42.953754
41.96298,41.968304
41.393265,41.435436
41.100582,41.145454
41.003998,40.967804
41.06546,40.830826
41.215714,40.693237
41.37054,40.533165
41.508434,40.351696
41.582417,40.163292
41.598633,39.992176
41.599953,39.870968
41.599995,39.841537
41.6,39.953587
41.6,40.262432
