y_true,y_pred
35.582214,35.491356
33.889748,33.627617
31.782166,32.08609
30.066536,29.807571
28.874985,27.573318
28.030006,25.957397
27.425957,25.120644
27.043388,24.881271
26.829124,25.001053
26.66365,25.300362
26.52073,25.665115
26.42662,26.023888
26.363228,26.334091
26.353653,26.57882
26.486107,26.758945
26.64302,26.888588
26.578938,26.992477
26.302288,27.10616
25.970772,27.273724
25.735962,27.544968
