y_true,y_pred
95.831,89.60304
98.79814,95.50278
101.2732,99.10922
101.72422,100.50435
100.71512,100.01498
99.03851,98.468445
97.30939,96.609665
95.548904,94.7134
93.51781,92.8409
91.32725,90.991066
89.135994,89.18887
87.06125,87.46406
85.096634,85.84399
83.28169,84.37224
81.73091,83.09125
80.41782,82.042046
79.07033,81.26832
77.533714,80.82085
75.981766,80.75939
74.90437,81.15326
