y_true,y_pred
64.23334,64.28837
64.66397,66.437836
64.26249,66.67715
62.914814,64.71202
61.276936,62.004078
59.68234,59.713097
58.136387,58.017105
56.61213,56.70033
55.301693,55.588947
54.298607,54.584618
53.458973,53.649498
52.72701,52.769836
52.03339,51.94389
51.30718,51.188522
50.684967,50.52729
50.182644,49.98813
49.679077,49.603905
49.367844,49.41493
49.42673,49.468872
49.625957,49.81993
