y_true,y_pred
54.82441,52.93866
52.7607,51.988533
49.780373,50.89903
46.978523,48.554707
44.70915,45.963173
43.02398,43.86509
41.96298,42.51499
41.393265,41.76401
41.100582,41.3811
41.003998,41.187233
41.06546,41.07394
41.215714,40.97515
41.37054,40.852753
41.508434,40.697216
41.582417,40.516396
41.598633,40.33105
41.599953,40.172832
41.599995,40.084465
41.6,40.117535
41.6,40.3297
