y_true,y_pred
95.831,87.14523
98.79814,94.38628
101.2732,98.07167
101.72422,99.24299
100.71512,98.37468
99.03851,96.58499
97.30939,94.6089
95.548904,92.595535
93.51781,90.56726
91.32725,88.54518
89.135994,86.57932
87.06125,84.71825
85.096634,83.00324
83.28169,81.48633
81.73091,80.213036
80.41782,79.222404
79.07033,78.55192
77.533714,78.24364
75.981766,78.34765
74.90437,78.92392
