y_true,y_pred
64.23334,61.815327
64.66397,63.342934
64.26249,64.01976
62.914814,62.552784
61.276936,60.01013
59.68234,57.48295
58.136387,55.50164
56.61213,54.03066
55.301693,52.87547
54.298607,51.879707
53.458973,50.96352
52.72701,50.09062
52.03339,49.2496
51.30718,48.454205
50.684967,47.728397
50.182644,47.10195
49.679077,46.609474
49.367844,46.29219
49.42673,46.197456
49.625957,46.37764
