y_true,y_pred
35.582214,37.36297
33.889748,34.434547
31.782166,32.130714
30.066536,29.437439
28.874985,27.306038
28.030006,26.131966
27.425957,25.70758
27.043388,25.719406
26.829124,25.947334
26.66365,26.256744
26.52073,26.570229
26.42662,26.842834
26.363228,27.050652
26.353653,27.190514
26.486107,27.273365
26.64302,27.320389
26.578938,27.361012
26.302288,27.433334
25.970772,27.582375
25.735962,27.857517
