y_true,y_pred
19.702759,25.283852
19.281662,23.067154
18.835503,22.011124
18.584328,20.851303
18.516647,19.974747
18.588654,19.600853
18.74369,19.61139
18.86219,19.841286
18.915909,20.16246
18.957275,20.491783
19.028961,20.781494
19.12764,21.006027
19.186577,21.155228
19.208885,21.234169
19.275764,21.258614
19.51609,21.251625
20.012009,21.24173
20.678581,21.263943
21.358345,21.35844
21.829105,21.5685
