y_true,y_pred
36.437714,36.23706
35.533035,34.129913
34.230766,33.106094
33.18373,31.857437
32.552216,30.697716
32.087738,29.91346
31.61509,29.551727
31.20317,29.50364
30.931557,29.638
30.887405,29.84832
31.009773,30.065964
31.164368,30.24826
31.30708,30.37222
31.46458,30.436111
31.72211,30.452255
32.032345,30.442978
32.237064,30.43879
32.307415,30.478935
32.31913,30.609749
32.319977,30.882217
