y_true,y_pred
36.437714,36.605766
35.533035,34.383484
34.230766,33.219795
33.18373,31.807213
32.552216,30.623138
32.087738,29.949974
31.61509,29.697037
31.20317,29.69719
30.931557,29.817871
30.887405,29.970764
31.009773,30.105965
31.164368,30.195656
31.30708,30.227509
31.46458,30.207008
31.72211,30.150757
32.032345,30.083302
32.237064,30.035656
32.307415,30.046364
32.31913,30.160332
32.319977,30.426708
