y_true,y_pred
73.10088,72.66344
74.69373,75.32036
75.54885,76.71231
75.111305,76.424194
74.14271,75.11481
73.0206,73.4783
71.598434,71.96496
69.86836,70.61934
68.21367,69.36795
66.76938,68.14732
65.46482,66.93842
64.44728,65.74213
63.685158,64.57073
63.05182,63.45776
62.61924,62.442013
62.333466,61.564396
62.19294,60.868736
62.16255,60.40455
62.160076,60.2275
62.159996,60.39918
