y_true,y_pred
73.10088,70.501114
74.69373,73.96904
75.54885,75.359
75.111305,74.98167
74.14271,73.58768
73.0206,72.02345
71.598434,70.62856
69.86836,69.35972
68.21367,68.14708
66.76938,66.94973
65.46482,65.76682
64.44728,64.610344
63.685158,63.49789
63.05182,62.46379
62.61924,61.544975
62.333466,60.778984
62.19294,60.205673
62.16255,59.870705
62.160076,59.82645
62.159996,60.132004
