y_true,y_pred
48.019497,47.871845
47.656246,47.621124
46.64603,47.236084
45.10002,45.98692
43.53546,44.579754
42.385788,43.551235
41.633804,42.940754
40.959927,42.605354
40.277515,42.41781
39.634766,42.289368
39.025593,42.1719
38.517986,42.038334
38.237083,41.876274
38.119713,41.69364
38.08964,41.509575
38.206326,41.351204
38.394375,41.25275
38.49668,41.256985
38.518223,41.41408
38.51995,41.779903
