y_true,y_pred
48.019497,46.75903
47.656246,46.363693
46.64603,46.16687
45.10002,45.17302
43.53546,43.903343
42.385788,42.8041
41.633804,42.080936
40.959927,41.687416
40.277515,41.50815
39.634766,41.436005
39.025593,41.40019
38.517986,41.35503
38.237083,41.274887
38.119713,41.15913
38.08964,41.02232
38.206326,40.89004
38.394375,40.797016
38.49668,40.787647
38.518223,40.914207
38.51995,41.234596
