y_true,y_pred
19.702759,24.5484
19.281662,22.410461
18.835503,21.39109
18.584328,20.327644
18.516647,19.433395
18.588654,18.941841
18.74369,18.854492
18.86219,19.04718
18.915909,19.388374
18.957275,19.777283
19.028961,20.149635
19.12764,20.46701
19.186577,20.710228
19.208885,20.87815
19.275764,20.982574
19.51609,21.044327
20.012009,21.091003
20.678581,21.157562
21.358345,21.284786
21.829105,21.51685
