y_true,y_pred
63.16578,74.77374
63.421963,76.38252
63.94478,78.15443
64.5573,79.23572
64.7221,79.81962
64.40754,80.16876
64.08169,80.37677
63.71635,80.47903
63.08058,80.50848
62.419563,80.46805
62.046764,80.35347
61.895046,80.15178
61.66756,79.85531
61.146637,79.4881
60.374954,79.09088
59.599525,78.71687
59.20549,78.43058
59.230904,78.30759
59.25557,78.43295
59.15673,78.898994
