y_true,y_pred
94.429794,92.86601
96.65815,95.59305
99.51216,98.36551
101.61788,100.337105
102.95775,101.57702
104.1466,102.41299
105.16597,102.98672
105.77927,103.35021
106.18794,103.55757
106.59112,103.62457
106.95077,103.55424
107.23178,103.33615
107.27806,102.96608
107.02033,102.48069
106.79813,101.93701
106.80853,101.40658
106.88229,100.97393
106.8923,100.73572
106.81075,100.798515
106.68753,101.27688
