y_true,y_pred
130.70726,100.94157
138.11597,103.84291
146.41779,106.38434
152.30034,108.65626
156.32825,110.66986
159.11526,112.35508
160.65468,113.6989
161.18567,114.73903
161.31789,115.49025
161.52277,115.915115
161.91481,115.98989
162.28711,115.70877
162.45546,115.09436
162.33197,114.22383
161.74852,113.19624
160.61938,112.12128
159.44734,111.11563
158.60751,110.30154
157.97586,109.80492
157.57074,109.75426
