y_true,y_pred
123.52875,117.52606
127.7016,122.34152
132.68767,126.80377
136.67946,130.58934
139.69835,133.54176
142.02274,135.93199
143.97862,137.89003
145.6973,139.47981
147.1325,140.78513
148.36223,141.8236
149.48912,142.5861
150.45195,143.04735
151.13884,143.19727
151.48215,143.08994
151.49341,142.81145
151.2749,142.46992
150.67204,142.19196
149.79994,142.11943
148.93971,142.40604
148.3776,143.21504
