y_true,y_pred
70.80762,66.96762
71.21148,67.459526
71.68575,68.438
72.021515,69.14322
72.15726,69.5739
72.22631,69.836685
72.25703,69.97569
72.183334,70.00803
72.070755,69.944405
72.0101,69.778336
71.96437,69.50957
71.79672,69.137474
71.43634,68.66774
70.97666,68.131805
70.459206,67.5731
69.90795,67.043365
69.39113,66.60173
68.9111,66.31557
68.47162,66.259155
68.19712,66.51224
