y_true,y_pred
119.135994,112.81254
122.92547,116.18243
126.6595,119.014496
128.62724,121.829155
129.53275,124.26616
129.85641,126.20786
129.80243,127.63323
129.57512,128.5939
129.27815,129.18494
128.8117,129.45189
128.22708,129.41562
127.72989,129.07922
127.25396,128.45767
126.61228,127.62047
125.77854,126.66092
124.86105,125.68621
123.97354,124.81417
123.19141,124.17146
122.54492,123.891525
122.12956,124.113205
