y_true,y_pred
52.563084,46.923916
52.58503,47.13554
52.656483,47.65297
52.716583,48.070896
52.655132,48.41711
52.51971,48.70584
52.362267,48.925606
52.19848,49.06456
52.008625,49.112923
51.774395,49.056087
51.563084,48.890884
51.3989,48.61924
51.231197,48.250477
51.050823,47.812794
50.78142,47.343582
50.38376,46.8861
49.9585,46.488384
49.592262,46.204414
49.288704,46.093178
49.08996,46.21711
