y_true,y_pred
97.19055,97.001686
98.64928,98.16867
100.43251,100.0466
101.94682,101.631
103.18364,102.81266
104.20346,103.70157
105.08341,104.363014
105.75604,104.85027
106.25437,105.201324
106.56659,105.40906
106.56512,105.463806
106.22766,105.351845
105.65747,105.07033
104.93154,104.659424
104.0713,104.17976
103.15123,103.70621
102.28281,103.32607
101.57439,103.138596
101.0809,103.2528
100.81776,103.78583
