y_true,y_pred
34.19996,34.37877
34.1987,33.92199
34.183853,34.051186
34.123924,34.163277
34.057304,34.306435
34.075615,34.48021
34.09455,34.663467
34.01445,34.83409
33.90506,34.968674
33.851562,35.040794
33.840828,35.03499
33.838745,34.94339
33.822636,34.76738
33.73672,34.524727
33.50923,34.24291
33.0983,33.95581
32.504715,33.70218
31.892376,33.526665
31.493595,33.478657
31.3497,33.610462
