y_true,y_pred
70.09268,73.86897
70.764496,74.179535
71.68475,75.03235
72.6891,75.463135
73.66288,75.57747
74.485725,75.544815
75.17876,75.443184
75.789085,75.322586
76.275154,75.20338
76.56018,75.06336
76.658646,74.87676
76.64623,74.61759
76.488365,74.27157
76.09461,73.85809
75.52276,73.41457
74.889755,72.9911
74.25125,72.64855
73.64121,72.45835
73.13326,72.500404
72.83823,72.861275
