y_true,y_pred
91.89722,94.53647
94.33832,97.35953
96.62885,99.671616
97.75059,101.54152
98.29037,102.76331
98.66979,103.40795
98.90216,103.60524
98.98453,103.53891
98.994,103.36799
98.93711,103.13201
98.67971,102.807045
98.25296,102.348724
97.91245,101.73219
97.546875,100.98752
97.05102,100.173615
96.53116,99.36711
95.94259,98.65743
95.22836,98.14438
94.516045,97.935196
94.05043,98.142815
