y_true,y_pred
49.683067,49.754658
49.705097,49.872
49.776855,50.295403
49.83694,50.52803
49.785656,50.667297
49.71114,50.780277
49.6837,50.879246
49.671803,50.96142
49.624123,51.013275
49.48356,51.00763
49.25537,50.926273
49.02099,50.757057
48.75524,50.4982
48.374714,50.170612
47.978653,49.807514
47.632687,49.450405
47.30803,49.147575
46.9927,48.954628
46.71447,48.933243
46.542107,49.149315
