y_true,y_pred
78.825424,75.45614
79.968704,77.55115
81.02042,79.305916
81.44663,80.45036
81.470215,80.942505
81.386635,80.957985
81.28296,80.696365
81.123764,80.36978
81.01009,80.09871
80.94056,79.866516
80.76126,79.608284
80.57971,79.260284
80.29268,78.78846
79.871475,78.2098
79.48532,77.56883
79.16059,76.92672
78.85205,76.355934
78.5463,75.9382
78.258545,75.761826
78.06169,75.91966
