y_true,y_pred
36.217773,36.43508
36.217934,36.22892
36.404686,36.390602
36.670486,36.455772
36.736244,36.522514
36.594887,36.623566
36.440254,36.753174
36.37355,36.892014
36.36097,37.011166
36.359356,37.075634
36.350655,37.062714
36.304413,36.959652
36.19492,36.765343
36.073654,36.497395
36.012253,36.18447
35.985615,35.862267
35.909008,35.571743
35.72303,35.359833
35.46991,35.2781
35.278164,35.38094
