y_true,y_pred
54.623825,55.65311
55.00196,55.834076
55.64436,56.285862
56.31785,56.46334
56.902706,56.52638
57.400852,56.581104
57.862614,56.660572
58.282356,56.769173
58.55745,56.88321
58.65944,56.956047
58.66768,56.952053
58.611977,56.846718
58.45521,56.631493
58.199787,56.326805
57.885498,55.968807
57.514275,55.60392
57.12861,55.286613
56.806343,55.07925
56.510666,55.0505
56.29808,55.273384
