y_true,y_pred
24.118767,23.815018
24.104416,23.201363
24.036423,23.193092
23.908768,23.214981
23.805435,23.302376
23.762993,23.442116
23.728401,23.608627
23.634575,23.774742
23.49923,23.912148
23.420006,23.993134
23.401756,24.000916
23.400063,23.927628
23.399963,23.774765
23.398628,23.55671
23.38153,23.296402
23.29395,23.022255
23.09689,22.766476
22.87445,22.566113
22.735897,22.46193
22.689167,22.496632
