y_true,y_pred
140.4204,139.4048
151.80142,152.9838
166.50038,165.63028
178.82527,178.8001
187.2951,187.71397
191.69962,191.79663
192.32689,192.04025
189.96182,189.59685
185.64421,185.57326
180.4,180.64447
174.88826,175.21474
169.35654,169.5398
163.93385,163.80225
158.73006,158.18164
153.57048,152.82846
148.34709,147.86894
143.58359,143.41475
139.56076,139.56987
136.27435,136.43483
134.25105,134.10953
