y_true,y_pred
85.81702,86.72001
85.58899,85.99974
84.47436,85.17583
82.53321,83.03673
80.18168,80.291725
77.471756,77.26843
74.513054,74.38056
71.83804,71.84082
69.72173,69.69112
68.00493,67.873985
66.536606,66.312065
65.277725,64.93172
64.12251,63.678444
62.96024,62.533287
61.82381,61.49723
60.795845,60.58577
59.89872,59.827072
59.132637,59.262173
58.46321,58.942963
58.02163,58.929863
