y_true,y_pred
98.19627,100.744736
104.29685,105.730965
112.07734,111.5167
118.32933,117.73549
122.25407,122.16835
123.83028,123.68864
123.263565,122.79795
121.0219,120.51155
117.79828,117.575165
114.15682,114.38414
110.52277,111.14838
107.381386,107.9694
104.86672,104.902954
102.60872,102.01345
100.23682,99.36
97.78567,96.99759
95.53078,94.98177
93.53642,93.37289
91.94311,92.23756
90.984566,91.64925
