y_true,y_pred
105.09524,103.04121
106.582634,105.66445
107.75137,107.638374
107.77765,108.260956
106.83469,107.43579
105.14024,105.34254
102.89368,102.60525
100.190674,99.76949
97.17836,97.108
94.35359,94.69987
92.01089,92.55047
89.9979,90.632256
88.17355,88.91601
86.68958,87.40145
85.5881,86.09916
84.88828,85.02828
84.524734,84.21904
84.32696,83.71544
84.21324,83.57542
84.1696,83.869705
