y_true,y_pred
109.00227,110.85968
115.52279,115.67338
123.57152,120.48683
130.00482,125.74248
134.18231,129.74174
136.2136,131.33975
136.49887,130.7443
135.38622,128.79034
133.27477,126.12346
130.73546,123.070526
128.04803,119.81549
125.20693,116.47072
122.48189,113.12174
120.05043,109.870384
117.927376,106.81153
116.2273,104.030754
114.85767,101.60782
113.61689,99.62084
112.49527,98.14875
111.75709,97.27303
