y_true,y_pred
78.42828,78.03077
77.787,77.80104
76.207794,77.63199
73.89891,76.273285
71.25446,74.28276
68.567535,71.980965
66.120544,69.71391
64.03262,67.69568
62.330734,65.981064
60.94209,64.51958
59.74223,63.246613
58.690144,62.102505
57.769547,61.043896
57.021145,60.05947
56.358932,59.155777
55.759705,58.35256
55.244003,57.681137
54.807983,57.1846
54.55675,56.91608
54.458096,56.93634
