y_true,y_pred
83.74484,83.49299
85.63601,86.45599
87.24641,89.02811
87.6038,90.41096
86.997925,90.40606
85.72933,89.137505
84.05332,87.15342
82.06712,84.98211
80.005905,82.8958
78.06559,80.96609
76.34809,79.19706
74.725845,77.571556
72.874016,76.07588
70.99455,74.72284
69.48081,73.534134
68.26107,72.53708
67.20665,71.76585
66.41247,71.26437
65.921684,71.0867
65.667404,71.29638
