y_true,y_pred
53.945366,59.587032
52.611385,58.43401
50.529785,56.82426
48.456676,54.41042
46.705208,51.927124
45.13599,49.659714
43.55751,47.775517
42.058895,46.315422
40.913788,45.209328
40.14677,44.34782
39.505505,43.638264
38.783726,43.00844
38.011078,42.40896
37.373512,41.82109
36.906044,41.246323
36.520638,40.70121
36.232906,40.214214
36.087982,39.825176
36.10478,39.582497
36.203228,39.54017
