y_true,y_pred
35.91314,38.21479
34.59269,36.80471
32.852837,35.64646
31.285423,34.117493
30.040924,32.747322
29.157562,31.585648
28.480972,30.733498
27.890167,30.203331
27.449493,29.92186
27.160889,29.796638
26.965782,29.751244
26.836052,29.72702
26.71923,29.68475
26.594002,29.609383
26.47546,29.503555
26.40849,29.383072
26.37122,29.274052
26.333649,29.212612
26.33105,29.242496
26.36116,29.412277
