y_true,y_pred
55.253994,55.761215
53.761765,55.10195
51.426792,54.299763
49.039333,52.66653
46.96501,50.873356
45.21767,49.178898
43.803833,47.73696
42.701176,46.604336
41.96158,45.737007
41.511425,45.051598
41.186028,44.476433
41.011612,43.95458
40.967484,43.447224
40.980694,42.942806
41.06821,42.447372
41.233562,41.98017
41.389244,41.571167
41.50194,41.26102
41.570145,41.098774
41.59487,41.13915
