y_true,y_pred
95.3819,91.89458
98.15164,95.15955
100.916885,97.803375
102.10165,99.63832
102.095535,100.38049
101.38584,99.871284
100.18177,98.4707
98.80089,96.68536
97.53617,94.79598
96.33794,92.8769
94.95189,90.950516
93.38584,89.031296
91.78449,87.14236
90.12911,85.33573
88.517815,83.66917
87.05391,82.200615
85.622055,80.98897
84.19657,80.096985
82.939415,79.59217
82.12705,79.54753
