y_true,y_pred
64.323166,64.692024
64.99133,65.38777
65.07457,66.188576
64.28966,65.866516
63.11134,64.77641
61.825027,63.222927
60.548782,61.559517
59.42883,60.024277
58.339855,58.693157
57.172638,57.53936
56.057228,56.517467
55.133354,55.584167
54.42395,54.70917
53.79741,53.889297
53.204266,53.13622
52.699265,52.472275
52.226734,51.9289
51.68241,51.547413
51.12362,51.377678
50.75724,51.47619
