y_true,y_pred
19.76844,20.734413
19.40081,19.615364
18.985641,19.291626
18.716148,18.897446
18.561264,18.613213
18.495789,18.359901
18.49646,18.24759
18.566414,18.301598
18.711739,18.473396
18.829369,18.699074
18.865707,18.926033
18.903755,19.116737
18.947517,19.249619
18.986229,19.320724
19.055946,19.339691
19.14241,19.325851
19.189194,19.305283
19.199165,19.311356
19.199978,19.382706
19.2,19.560974
