y_true,y_pred
73.004944,72.4332
74.60802,74.47551
75.744255,75.91741
75.81984,76.40178
75.268974,76.11074
74.47695,75.181274
73.721565,73.95441
72.94406,72.713715
71.91122,71.55504
70.59274,70.454765
69.24194,69.3784
68.07727,68.30358
67.06065,67.225815
66.02425,66.17085
65.06048,65.17654
64.34207,64.28705
63.802605,63.55182
63.30992,63.026794
62.92523,62.77399
62.758553,62.86055
