y_true,y_pred
36.60395,36.917725
35.92794,35.981995
34.859352,35.453163
33.856293,34.475685
33.136047,33.543663
32.668274,32.719574
32.334816,32.115257
32.0056,31.758766
31.64064,31.591064
31.300552,31.532112
31.002403,31.5169
30.823051,31.497192
30.829868,31.442787
30.951775,31.346516
31.064907,31.217308
31.17577,31.075699
31.28986,30.951172
31.36206,30.88221
31.436256,30.914219
31.527283,31.097042
