y_true,y_pred
48.110664,47.07526
48.011818,47.044445
47.522087,47.18564
46.510338,46.435467
45.212704,45.357426
43.92722,44.22051
42.863304,43.200783
42.13612,42.38553
41.666298,41.75689
41.22724,41.253563
40.736446,40.82163
40.22577,40.41845
39.7513,40.016205
39.298264,39.6103
38.82985,39.210876
38.4408,38.83895
38.23298,38.5244
38.159817,38.30644
38.106037,38.231754
38.041615,38.352283
