y_true,y_pred
78.58318,78.24277
81.081985,82.45221
84.041985,87.10995
86.0623,88.82664
86.88848,89.484886
86.627884,88.68751
85.50912,86.695076
83.91281,84.183975
82.03175,81.80044
80.02798,79.84787
78.16417,78.30716
76.53897,77.03304
75.09436,75.89032
73.875336,74.80807
72.945145,73.76299
72.2453,72.76752
71.61653,71.86089
71.03698,71.103004
70.62921,70.56797
70.41404,70.33844
