y_true,y_pred
62.700874,61.740707
62.98429,62.565407
62.635925,63.303894
61.496063,61.805473
60.01202,60.075104
58.554295,58.02275
57.254166,55.965855
56.059402,54.233105
55.034412,52.966335
54.21451,52.151775
53.48258,51.68839
52.799908,51.43451
52.261047,51.257988
51.879005,51.071175
51.55795,50.82834
51.289684,50.52286
51.12428,50.182076
51.098373,49.86017
51.170677,49.62834
51.22485,49.565918
