y_true,y_pred
89.621635,89.63904
99.086075,99.21895
112.7067,111.214165
124.92222,123.33836
132.75536,130.94273
135.68663,133.24417
134.51852,132.01427
130.70921,129.15352
125.77345,125.60939
120.78614,121.879295
116.21122,118.26549
112.17814,114.89787
108.73105,111.820435
105.78061,109.0703
103.196335,106.669876
100.95068,104.63258
99.050156,102.97503
97.44429,101.72787
96.17791,100.93978
95.450356,100.67755
