y_true,y_pred
81.97972,80.79466
87.30568,87.44135
94.73797,95.0007
101.32537,102.24568
105.69167,105.76292
107.64057,106.42767
107.628075,105.29151
106.31343,103.301506
104.32221,100.96241
102.09328,98.54866
99.89343,96.242935
97.93551,94.12016
96.24982,92.19738
94.72263,90.48957
93.31031,89.00121
92.0909,87.733864
91.10367,86.700226
90.25327,85.93445
89.63404,85.49302
89.37778,85.45083
