y_true,y_pred
69.719986,66.41054
70.491165,67.42267
71.01776,70.33174
70.662186,70.44563
69.693924,69.82019
68.53309,68.46354
67.21044,66.68557
65.76254,65.00462
64.36045,63.692757
63.08872,62.77699
62.023064,62.154648
61.316887,61.693943
60.85467,61.28755
60.46032,60.873405
60.249756,60.42495
60.207253,59.94927
60.24404,59.48239
60.428856,59.083176
60.748146,58.824986
60.958138,58.789032
