y_true,y_pred
53.326687,50.22795
53.326405,50.729145
52.832947,51.258614
51.753,50.18064
50.408264,49.038017
49.042397,47.762695
47.80918,46.514492
46.81348,45.417637
46.010757,44.535652
45.32883,43.87513
44.80778,43.415386
44.553776,43.11833
44.421585,42.945934
44.237175,42.87514
44.05876,42.886913
43.97728,42.962467
43.96128,43.087666
43.960033,43.26355
43.96,43.512955
43.96,43.88136
