y_true,y_pred
61.007156,56.29113
61.2515,56.54186
61.061523,57.670155
60.24459,58.640877
59.04697,58.63788
57.69317,57.907066
56.39958,56.609035
55.296017,55.25408
54.368362,54.097958
53.58989,53.179092
52.935623,52.46395
52.44283,51.89416
52.100544,51.418407
51.839317,51.014957
51.59908,50.679924
51.381584,50.42056
51.298798,50.253067
51.41029,50.20457
51.631683,50.313633
51.764652,50.630054
