y_true,y_pred
45.417435,40.50422
45.303185,39.089653
44.83484,38.096733
43.960457,38.356613
42.895317,38.93685
41.926052,38.981056
41.118,38.3713
40.372467,37.530212
39.670372,36.72957
39.05868,36.069237
38.60926,35.569622
38.266987,35.213253
37.96353,34.97627
37.74946,34.849434
37.606728,34.832054
37.536476,34.92362
37.52128,35.118927
37.52004,35.41208
37.52,35.803944
37.52,36.309937
