y_true,y_pred
76.02082,71.0289
78.44995,74.01993
81.54749,78.26812
83.999084,82.17512
85.47296,83.87668
85.95211,83.94271
85.45864,83.143555
84.242935,82.10457
82.741234,81.07731
81.281006,80.04462
79.96944,79.007965
78.81977,78.00771
77.91727,77.06459
77.346436,76.195854
77.0051,75.4152
76.77824,74.73759
76.5669,74.18704
76.32941,73.80499
76.192825,73.65231
76.162636,73.80634
