y_true,y_pred
57.03672,66.287384
58.426746,66.63632
59.809143,67.12306
60.32032,67.07816
59.976273,65.97566
59.1274,64.37493
58.154545,62.74522
57.12145,61.37517
56.016212,60.352406
55.057045,59.561592
54.28313,58.8385
53.678467,58.09689
53.324665,57.36062
53.17224,56.720932
53.121662,56.25704
53.15166,56.005463
53.1892,55.966263
53.199112,56.12567
53.199974,56.480324
53.199997,57.052967
