y_true,y_pred
38.691574,49.714672
38.812904,49.182816
38.482445,47.691227
37.48108,45.40125
36.128,43.291393
34.774002,41.32618
33.558365,39.52723
32.564354,37.99062
31.784004,36.80505
31.086266,35.95777
30.522629,35.379738
30.211952,34.987923
30.065022,34.717655
30.047287,34.540318
30.131557,34.453533
30.207848,34.46966
30.235184,34.606815
30.239666,34.88622
30.23999,35.330673
30.239998,35.96542
