y_true,y_pred
21.800644,36.868927
21.619469,35.144028
21.150978,32.63302
20.456917,29.814308
19.698479,27.524826
18.965004,25.576012
18.325638,23.862411
17.771393,22.398743
17.220634,21.241951
16.732544,20.38765
16.327301,19.792007
15.964706,19.400497
15.669876,19.169579
15.534111,19.078033
15.492485,19.125717
15.596687,19.326477
15.874832,19.697105
16.119751,20.246704
16.219017,20.967426
16.238121,21.835518
