y_true,y_pred
31.617508,28.555557
31.31665,27.601295
31.050842,26.632736
30.797615,26.031677
30.390762,26.030556
29.915169,26.307419
29.506615,26.619911
29.034653,26.927254
28.550758,27.220184
28.23938,27.47097
27.964691,27.652374
27.662094,27.749222
27.515266,27.762505
27.570972,27.712467
27.727913,27.631527
27.906136,27.559551
28.104874,27.540638
28.23553,27.621983
28.274326,27.850079
28.279648,28.266838
