y_true,y_pred
61.100616,55.318913
61.37919,56.754276
61.4317,57.550842
61.03133,58.21348
60.312347,58.24871
59.510345,57.761776
58.62151,57.02376
57.671143,56.274956
56.797596,55.657845
56.036465,55.190414
55.44582,54.82022
55.09247,54.47513
54.85093,54.10614
54.711792,53.712555
54.781147,53.32668
54.993214,53.000267
55.138542,52.791977
55.261787,52.75773
55.61438,52.943874
56.092102,53.38885
