y_true,y_pred
45.28038,40.06775
45.263203,39.409676
45.007935,38.66549
44.408333,37.941345
43.67042,37.645737
42.94722,37.631004
42.31283,37.701027
41.808674,37.81539
41.440876,37.956516
41.15795,38.08441
40.845848,38.163296
40.474537,38.173786
40.143253,38.117336
39.887405,38.020744
39.695576,37.925
39.441917,37.87902
39.131493,37.935303
38.960037,38.147404
38.92308,38.56516
38.92009,39.231075
