y_true,y_pred
122.35472,114.44718
126.54798,122.48793
131.69684,129.2799
134.58597,132.5941
134.25418,132.62918
131.43748,130.10501
127.48543,126.168045
123.49489,121.907524
119.84903,117.98302
116.686295,114.6176
114.02916,111.78497
111.69506,109.34128
109.54899,107.14223
107.66731,105.117935
106.17752,103.25189
105.01924,101.56637
103.9644,100.11188
102.92183,98.959946
102.01163,98.19664
101.425224,97.91806
