y_true,y_pred
144.31905,151.5749
158.87912,161.65439
176.40424,169.09113
188.99641,174.61017
194.83484,177.02637
194.46088,176.30927
189.63419,173.24069
182.71822,168.77145
175.45312,163.75192
168.73337,158.90286
162.99591,154.67395
158.2634,151.07877
154.24225,147.90796
150.69534,145.01027
147.58626,142.33398
144.8557,139.90323
142.37234,137.78783
140.10849,136.0841
138.15034,134.90404
136.8765,134.37042
