y_true,y_pred
83.67881,84.839424
84.27094,84.87909
84.4652,85.297104
83.76573,84.62002
82.3539,83.20152
80.60005,81.3508
78.84401,79.47418
77.28488,77.7948
75.8929,76.38084
74.5392,75.19072
73.277145,74.1514
72.2553,73.18607
71.35677,72.239204
70.41318,71.301636
69.3861,70.392586
68.357834,69.5506
67.45893,68.82829
66.68184,68.29007
66.060234,68.008896
65.71759,68.06384
