y_true,y_pred
57.865376,57.990276
58.314938,59.825188
58.234837,59.215443
57.531986,58.00457
56.619774,56.731094
55.692745,55.425663
54.82814,54.295334
54.0085,53.414303
53.102146,52.74121
52.093937,52.17447
51.150604,51.62057
50.396122,51.01405
49.804104,50.324913
49.30258,49.564377
48.78391,48.766026
48.19667,47.975636
47.597614,47.245842
47.111965,46.634895
46.82796,46.204556
46.700474,46.018284
