y_true,y_pred
33.40911,35.29168
33.48117,36.19644
33.44565,36.185135
33.187622,35.612312
32.747765,34.842773
32.220116,33.957756
31.716255,33.1382
31.288177,32.46441
30.856834,31.946053
30.403442,31.562141
30.007355,31.281433
29.737175,31.064026
29.548481,30.870422
29.359852,30.675735
29.191677,30.470139
29.067661,30.258911
28.953445,30.06131
28.873531,29.910389
28.845093,29.849728
28.840363,29.929604
