y_true,y_pred
116.77226,113.35759
118.25536,119.43442
119.726425,123.2821
120.15941,125.27141
119.41858,124.99675
117.74407,122.90375
115.54568,119.78168
113.17488,116.40019
110.803185,113.24823
108.564674,110.531715
106.56412,108.27742
104.6761,106.36714
102.88371,104.638214
101.43626,102.998245
100.19565,101.42743
98.99927,99.95942
97.93554,98.66078
97.00028,97.61773
96.14475,96.927414
95.56025,96.693565
