y_true,y_pred
56.982677,55.700405
57.119583,56.06993
56.875496,55.76712
56.215538,54.96877
55.398415,54.02151
54.5188,53.043983
53.498882,52.132652
52.324482,51.32741
51.33557,50.640053
50.726055,50.05608
50.311592,49.548233
49.961056,49.07549
49.648228,48.597527
49.268177,48.097275
48.82743,47.577827
48.437958,47.06096
48.151726,46.58457
47.9066,46.200745
47.690735,45.971226
47.573914,45.963257
