y_true,y_pred
76.506355,81.67501
76.76947,82.01013
76.778786,82.54521
76.35462,81.861435
75.50715,80.412476
74.343506,78.53703
73.046745,76.54709
71.67438,74.67852
70.37232,73.07578
69.26493,71.76069
68.361595,70.678055
67.51632,69.73394
66.573814,68.84227
65.61957,67.96477
64.843864,67.1012
64.25839,66.2801
63.757057,65.550285
63.27626,64.97541
62.825596,64.62847
62.517365,64.58811
