y_true,y_pred
37.45466,35.78
37.72258,35.60917
37.806328,35.79895
37.603737,35.720802
37.246185,35.56122
36.672386,35.347313
35.914467,35.11104
35.260445,34.892082
34.803787,34.698044
34.36782,34.516556
33.984436,34.337627
33.750195,34.150234
33.656864,33.944298
33.62897,33.72012
33.528873,33.485313
33.334713,33.254723
33.179,33.051224
33.080265,32.90789
33.022675,32.866844
33.00357,32.976948
