y_true,y_pred
84.61775,85.58688
85.14966,86.47957
85.48703,86.13803
85.2733,85.47302
84.5638,84.37494
83.4595,82.99254
82.129036,81.53401
80.79794,80.16492
79.51378,78.95862
78.22562,77.90543
77.01445,76.96414
75.87311,76.072495
74.79017,75.17286
73.82085,74.24755
72.91165,73.30956
72.078964,72.39721
71.331276,71.56841
70.60845,70.895935
69.99089,70.46178
69.636856,70.35297
