y_true,y_pred
22.154404,20.726898
22.218529,20.649155
22.139206,20.8079
21.868362,20.805618
21.510468,20.837814
21.190613,20.868904
20.958023,20.90358
20.765022,20.948868
20.542168,20.994614
20.26471,21.028053
20.006096,21.041748
19.853027,21.028595
19.782883,20.982697
19.716751,20.904999
19.636284,20.802933
19.562614,20.689934
19.511078,20.585213
19.501312,20.515614
19.497334,20.51456
19.49044,20.620071
