y_true,y_pred
57.066998,57.14655
57.385624,56.871677
57.396168,56.829533
57.006546,56.500774
56.41057,55.970013
55.666862,55.320316
54.862797,54.58974
54.049137,53.835464
53.213512,53.11619
52.42424,52.454636
51.687294,51.85301
50.873493,51.292725
49.99146,50.747856
49.31908,50.20813
48.99422,49.676823
48.800743,49.171944
48.574913,48.725986
48.344322,48.385437
48.15677,48.207474
48.041492,48.256
