y_true,y_pred
19.519768,23.604553
19.789352,23.308372
20.084862,23.123108
20.253693,22.703903
20.309189,22.37893
20.311226,22.185577
20.27713,22.099953
20.208748,22.087181
20.12748,22.113167
20.041687,22.14553
19.960632,22.161133
19.88562,22.144249
19.834442,22.087555
19.795738,21.995567
19.76725,21.881165
19.765274,21.762901
19.781982,21.663635
19.813137,21.612045
19.83451,21.64193
19.83955,21.790668
