y_true,y_pred
39.802605,40.036827
39.75052,39.918907
39.51384,39.632034
39.203224,38.99154
38.971436,38.38624
38.806946,37.909767
38.574844,37.556076
38.248047,37.28795
37.918888,37.066673
37.595642,36.85658
37.260372,36.636803
36.91591,36.394547
36.560307,36.12535
36.237225,35.8403
36.012844,35.55894
35.841187,35.306442
35.633488,35.11249
35.36519,35.012886
35.10742,35.04897
34.957397,35.266502
