y_true,y_pred
11.544312,13.312614
11.64238,13.013901
11.719948,13.046944
11.721024,12.982674
11.678711,13.04686
11.585106,13.210327
11.421013,13.399887
11.264809,13.549606
11.15152,13.614319
11.034576,13.576515
10.930916,13.456276
10.869591,13.298759
10.815834,13.142105
10.762733,13.001411
10.759041,12.877434
10.827049,12.769264
10.936325,12.681747
11.040123,12.629349
11.122864,12.634514
11.172142,12.7247925
