y_true,y_pred
70.59329,65.8154
70.44699,67.29762
69.73955,66.94003
68.539474,66.14507
67.16816,65.08244
65.8806,63.914307
64.7357,62.755867
63.684982,61.684803
62.662777,60.735348
61.70618,59.905594
60.92475,59.186653
60.24476,58.555447
59.620995,57.978848
59.118156,57.433365
58.652565,56.9034
58.213516,56.388878
57.888214,55.911575
57.5824,55.51692
57.258015,55.269066
57.05725,55.24419
